管理番号,施設名称,都道府県,bed,1床当り面積,工事種別,竣工年,設計者,施工者,構造,免震,階数,設立主体
768,福岡歯科大学医科歯科総合病院,福岡県,50,298.45,増築,2020,清水建設,清水建設株式会社,S造一部RC造,有,地上 5 階,大学病院
629,自治医科大学附属病院,栃木県,1132,294.16,増築,2018,安井建築設計,"株式会社　熊谷組（建築）,高砂熱学工業株式会社（空調・衛生設備）,株式会社関電工（電気設備）",S造,,地上8階、地下1階,大学病院
592,神戸アイセンタ－,兵庫県,30,286.12,増築,2017,日本設計,明和･関建特定建設工事共同企業体,S造,,地上7階,その他法人
657,国立研究開発法人　国立循環器病研究センター,大阪府,550,235.92,増築,2019,日本設計,株式会社 竹中工務店,RC・S造,有,"地下2階, 地上10階",公立
217,愛知医科大学病院　新病院建設,愛知県,900,224,改築,2014,山下設計,鹿島建設株式会社,S造一部RC造,有,地上15階、地下1階、塔屋2階,大学病院
560,（独）国立病院機構 下総精神医療センタ－,千葉県,280,87.56,増築,2017,山田綜合設計,新日本建設,S造,,地上2階,公的
306,静岡県立こども病院　周産期施設・外科病棟,静岡県,243,215.14,増築,2007,日建設計,鹿島建設株式会社　平井工業　ザ・トーカイ,RC造,有,地上6階、塔屋2階,その他法人
14,国立大学法人 浜松医科大学医学部附属病院 病棟,静岡県,613,211.29,増築,2009,久米設計,清水建設株式会社,SRC造,有,地下1階/地上9階,大学病院
300,福井大学医学部附属病院　新病棟,福井県,600,210.81,新築,2014,内藤建築事務所,熊谷組北陸支店,SRC造,有,地下1階、地上8階,大学病院
3,水高スクエア 北水会記念病院,茨城県,128,210.51,増築,2009,久米設計,清水建設株式会社,RC造,,地上５階,医療法人
551,埼玉県立小児医療センタ－,埼玉県,316,207.11,増築,2016,久米設計,清水建設株式会社,S造一部RC造,,地上13階，地下2階,公立
505,滋賀県立成人病センタ－,滋賀県,535,195.4,増築,2017,内藤建築事務所,熊谷・西村・笹川建設共同企業体,RC造,有,地上9階、地下1階,公立
227,医療法人マックシール　巽病院,大阪府,75,191,増築,2013,安井建築設計,清水建設株式会社,RC造,,地上5階、塔屋1階,医療法人
183,熊本赤十字病院こども医療センター・総合救命救急センター,熊本県,490,186.2,増築,2012,内藤建築事務所,清水建設株式会社,SRC造、一部S造,,地上６階，地下１階,公立
42,熊本大学医学部附属病院 中央診療棟・東病棟,熊本県,845,183.7,新築,2006,日本設計,フジタ・松尾・吉永特定建設工事共同事業体（中央診療棟）、株式会社フジタ（東病棟）,RC、SRC、S造,有,地上７階，地下１階（中央診療棟）、地上１３階，地下1階（東病棟）,大学病院
340,香川大学医学部附属病院　南病棟,香川県,613,181.67,増築,2014,内藤建築事務所,戸田建設株式会社,SRC造、一部RC造,有,地上8階，地下1階,大学病院
712,愛知県医療療育総合センター,愛知県,147,180.13,新築,2018,日建設計,佐藤工業（株）,RC・S造,,地上5階、地下1階,公立
79,中伊豆リハビリテーションセンター施設改築工事,静岡県,140,177.28,改築,2011,内藤建築事務所,鹿島建設株式会社,RC・S造,,地上４階　地下１階,社会福祉法人
499,社会医療法人　恵仁会　中込施設　,長野県,83,175.06,増築,2016,日本設計,北野建設株式会社,RC・S造,,地上7階，地下1階,医療法人
418,京都大学医学部附属病院,京都府,1141,173.3,増築,2015,内藤建築事務所,清水建設株式会社,RC造,有,地上8階，地下1階,大学病院
850,相良病院,鹿児島県,80,172.27,新築,2020,大成建設株式会社,大成建設九州支店,RC造,,地下1階、地上12階,医療法人
542,石巻市立病院,宮城県,180,166.38,増築,2016,久米設計,竹中工務店・橋本店・遠藤興業特定建設工事共同企業体,S造一部SRC造,有,地上7階,公立
384,国立大学法人千葉大学医学部附属病院,千葉県,850,164.74,増築,2015,久米設計,鹿島建設株式会社,S造一部RC造,,地上6階，地下1階,大学病院
19,医療法人 社団同潤会 眼科杉田病院,愛知県,60,161.57,新築,2009,竹中工務店,株式会社 竹中工務店,S造,,地上9階，地下1階,医療法人
224,市立舞鶴市民病院,京都県,100,160,増築,2014,内藤建築事務所,間・総進・カモタ特定建設工事共同企業体,S造,,地上3階,公立
557,次世代外科・内視鏡治療開発センタ－NEXT,千葉県,425,157.73,増築,2017,山田綜合設計,大成建設株式会社,S造,,地上5階,公立
176,済生会今治病院,愛媛県,191,157.2,増築,2012,清水建設,清水建設株式会社,RC・S造,,地上7階,公的
245,徳山医師会病院,山口県,180,156,増築,2014,大旗連合,鹿島建設株式会社,RC造,,地下1階　地上7階,その他法人
680,鹿児島厚生連病院,鹿児島県,184,154.21,新築,2018,株式会社 大建設計,五洋建設,S造,,地上8階,公的
707,社会医療法人　抱生会　丸の内病院,長野県,10,151.32,新築,2019,山下設計,清水建設株式会社,RC造,,地上2階,医療法人
266,宮崎中央眼科病院,宮崎県,24,151,増築,2013,竹中工務店,株式会社 竹中工務店,RC造,,地上4階、塔屋1階,医療法人
131,杏林大学医学部付属病院第３病棟,東京都,1153,149.67,改築,2012,竹中工務店,株式会社 竹中工務店、三機工業株式会社,RC造,有,地上10階，地下1階,大学病院
509,野崎徳洲会病院附属研究所,大阪府,218,149.51,増築,2016,内藤建築事務所,株式会社　淺沼組　大阪本店,RC造,,地上６階,医療法人
693,国際医療福祉大学成田病院,千葉県,642,147.72,新築,2020,戸田建設,戸田建設株式会社,RC・S造,有,地上8階,大学病院
544,二本松会かみのやま病院,山形県,140,146.44,改築,2017,本間利雄設計事務所＋地域環境計画研究室,山形建設株式会社,S造,,地上４階,医療法人
257,総合せき損センター,福岡県,150,146,改築,2014,山下設計,安藤ハザマ,RC・S造,,地上3階,公立
442,医療法人修誠会吉野川病院,徳島県,115,144.23,増築,2015,昭和設計,戸田建設株式会社,S造,,地上4階,その他法人
114,筑波大学附属病院けやき棟,茨城県,800,144.05,増築,2012,岡田新一設計事務所,鹿島建設株式会社,RC・S造,有,"地上12階,地下1階",大学病院
641,東京医科大学病院,東京都,904,142.85,新築,2019,大林組,株式会社 大林組,RC、SRC、S造,有,地上20階，地下2階，塔屋1階,大学病院
428,兵庫県立こども病院,兵庫県,290,142.5,増築,2016,内藤建築事務所,大林・鴻池・大鉄ＪＶ,RC、SRC、S造,有,地上9階,公立
301,加納岩総合病院,山梨県,160,141.68,増築,2012,共同建築設計,鹿島建設株式会社,RC・S造,,地上4階,医療法人
411,トヨタ記念病院　放射線治療棟,愛知県,513,138.95,新築,2015,竹中工務店,株式会社 竹中工務店,RC・S造,,地上1階,その他法人
36,周防大島町立 大島病院,山口県,99,136.64,新築,2010,松田平田設計,戸田建設・澤田建設・白木産業特定建設工事共同企業体,RC造,,地上5階塔屋1階,公立
507,大阪国際がんセンタ－,大阪府,500,136.54,増築,2016,日本設計,株式会社 竹中工務店,RC・S造,有,地上13階、地下2階、塔屋2階,公立
332,市立備前病院,岡山県,90,135.09,増築,2012,久米設計,フジタ・中村建設・日本旭東興業ＪＶ,RC・S造,,地上5階,公的
181,医療法人友愛会　友田病院,福岡県,72,134.64,増築,2013,株式会社志賀設計,株式会社 竹中工務店,RC・S造,,地上6階,医療法人
711,藤田医科大学　岡崎医療センター,愛知県,400,132.83,新築,2020,大林組,株式会社 大林組,S造,,地上8階,大学病院
574,長野県立こども病院,長野県,200,131.76,増築,2017,株式会社　田中建築事務所,松本土建　株式会社,S造,,地上2階,公立
273,町立西和賀さわうち病院,岩手県,40,131.71,増築,2014,佐藤総合計画,（株）錢高組,RC造、一部木造,,地上2階,公立
665,鳥取県立中央病院,鳥取県,518,131.64,増築,2018,日建設計,清水・やまこう・大和・藤原特定建設工事共同企業体,RC、SRC、S造,有,地上11階，塔屋1階,公的
97,財団法人　平成紫川会　小倉記念病院,福岡県,658,131.19,増築,2010,日建設計,清水建設株式会社,S造,,地上１３階、地下１階、塔屋１階,その他法人
668,徳島赤十字病院（西棟）,徳島県,405,129.59,増築,2018,日建設計,大林・森川特定建設工事共同企業体,S造,,地上6階,公的
595,徳島県立海部病院,徳島県,110,129.05,新築,2017,内藤建築事務所,西松建設（株）,RC造,有,地上６階、塔屋１階,公的
782,社会医療法人友愛会　友愛医療センター,沖縄県,378,127.26,新築,2020,伊藤喜三郎建築研究所,西松・大米・金秀・太名嘉・東江・大成ホーム共同企業体,RC・S造,有,地上 8 階,医療法人
581,公立陶生病院 東棟,愛知県,633,126.23,改築,2017,日本設計,株式会社 竹中工務店,RC造,有,地上10階，塔屋2階,公立
63,国際医療福祉大学三田病院,東京都,291,126.14,新築,2012,安井建築設計,戸田建設株式会社,RC造,,"地上11階,   地下2階",大学病院
314,社会福祉法人　恩賜財団　済生会支部三重県済生会明和病院,三重県,214,125.33,増築,2015,山下設計,戸田建設株式会社,S造,,地上4階,社会福祉法人
849,宮崎市郡医師会病院・医師会館,宮崎県,267,123.32,新築,2020,久米設計,戸田・大和・矢野特定建設工事共同体,S造一部RC造,有,地上 6 階,医療法人
200,埼玉県立がんセンター,埼玉県,503,123,新築,2013,山下設計,戸田建設株式会社,RC造,有,地上11階，地下1階，塔屋1階,公立
429,あんしん病院,兵庫県,60,122.81,増築,2016,大林組,株式会社 大林組 神戸支店,S造,,地上3階,医療法人
701,横浜市立市民病院,神奈川県,650,122.48,新築,2020,佐藤総合計画,戸田建設株式会社,S造一部SRC造,有,地上7階、地下2階,公的
66,心臓血管研究所付属病院,東京都,74,122.19,増築,2010,竹中工務店,株式会社 竹中工務店,RC造,,地上５階，地下１階,その他法人
348,福岡市立こども病院,福岡県,233,121.94,増築,2014,山下設計,戸田･松本建築工事共同企業体,RC造,有,地上6階,その他法人
338,国立病院機構 徳島病院,徳島県,240,120.5,増築,2014,株式会社 大建設計,（株）エム・テック（増築）、西松建設（株）（既存改修）,RC・S造,,地上5階、塔屋1階,公的
841,広島市立北部医療センター安佐市民病院,広島県,434,120.18,新築,2021,内藤建築事務所,熊谷･今井･福井建設工事共同企業体　代表者　株式会社熊谷組,S造一部RC造,有,地下1階、地上5階,公立
414,医療法人清慈会 鈴木病院,愛知県,68,119.93,改築,2013,日建設計,株式会社 竹中工務店,S造,有,地上8階,医療法人
169,倉敷中央病院新3棟（1期・2期）,岡山県,1161,119.39,増築,2010,有限会社ユー・アール設計,藤木工務店,S造一部RC造,,地下1階、地上14階,その他法人
237,神戸低侵襲がん医療センター,兵庫県,80,119,新築,2013,大成建設株式会社,大成建設株式会社,RC造,,地上5階,医療法人
445,倉永病院,福岡県,108,118.72,改築,2015,メイ建築研究所,松尾建設 株式会社,RC・S造,,地上3階,医療法人
638,独立行政法人国立病院機構 村山医療センター,東京都,303,118.6,新築,2019,内藤建築事務所,関東建設工業株式会社,S造,,地上6階,公的
646,黒部市民病院,富山県,414,118.44,増築,2017,久米設計,（株）熊谷組,S造,,地上5階、地下1階,公立
307,名古屋徳洲会総合病院,愛知県,350,118.14,増築,2014,久米設計,西松建設株式会社,RC、SRC、S造,有,地上8階，地下2階，塔屋1階,医療法人
654,国立病院機構 近畿中央呼吸器センター,大阪府,311,117.66,改築,2018,山田綜合設計,戸田建設株式会社,S造,有,地上8階,公的
86,神戸市立医療センター　中央市民病院,兵庫県,700,117.41,増築,2011,日建設計,清水建設株式会社,RC、SRC、S造,,地上9階，地下1階,公立
351,公立学校共済組合　九州中央病院　新病棟,福岡県,330,117.23,増築,2015,内藤建築事務所,前田建設工業株式会社　九州支店,S造,有,地上8階,公的
8,独立行政法人 国立精神・神経医療研究センター病院,東京都,474,117.22,改築,2011,佐藤総合計画,株式会社 フジタ,RC・S造,,地上６階、地下１階,国立
818,坂下厚生総合病院・介護老人保健施設なごみ,福島県,159,117.08,新築,2021,日建設計,松井建設　株式会社,S造,,地上 3 階,その他法人
608,公益財団法人慈愛会　今村総合病院,鹿児島県,376,116.9,増築,2017,竹中工務店,株式会社 竹中工務店,S造一部RC造,,地上8階，地下－階,その他法人
367,石巻赤十字病院,宮城県,460,116.87,増築,2015,日建設計,鹿島建設株式会社,S造,有,地上3階,公的
750,千葉県がんセンター新棟,千葉県,425,115.99,増築,2020,日建設計,フジタ・畔蒜工務店 特定建設工事共同企業体,RC造,有,地下1階、地上9階,公立
64,日本赤十字社医療センター,東京都,708,115.98,新築,2009,久米設計,株式会社 大林組,RC、SRC、S造,,地上13階、地下3階,公的
653,大阪府市共同 住吉母子医療センター,大阪府,865,115.86,増築,2018,安井建築設計,戸田建設株式会社,RC造,,地上6階,公的
72,独立行政法人国立病院機構　久里浜アルコール症センター なぎさ病棟,神奈川,17,115.69,新築,2011,山田綜合設計,㈱渡辺組,RC造,,地上2階,公的
115,茨城県立こころの医療センター,茨城県,288,115.65,改築,2011,久米設計,安藤・要・菅原特定建設工事共同企業体（病院本体 建築工事）,RC、SRC、S造,,地上2階,公立
528,高知医療センタ－がんサポ－トセンタ－,高知県,660,115.1,増築,2016,佐藤総合計画,清水建設・轟組特定建設工事共同企業体,SRC造,,地上4階,公立
576,静岡県立総合病院　先端医学棟,静岡県,712,114.89,増築,2017,横河建築設計,三井住友・木内・静鉄特定建設工事共同企業体,S造一部RC造,,地上6階，塔屋1階,公立
434,岡山市立市民病院,岡山県,400,114.63,増築,2015,久米設計,戸田建設・広成建設・蜂谷工業JV,RC、SRC、S造,,地上8階,公立
302,組合立諏訪中央病院,長野県,360,114.52,増築,2015,株式会社　田中建築事務所,清水・カネトモ・田村建設特定建設工事共同企業体,S造一部RC造,,地上5階，地下1階,公的
605,大腸肛門病センタ－高野病院,熊本県,166,114.2,増築,2017,共同建築設計,松尾・岩永特定建設工事共同企業体,S造,有,地上6階,医療法人
431,兵庫県立尼崎総合医療センター,兵庫県,730,114.07,増築,2015,日建設計,熊谷・明和・丸正特別共同企業体,RC、SRC、S造,有,地上11階地下1階塔屋2階,公立
770,社会医療法人財団白十字会　白十字病院,福岡県,282,113.56,新築,2021,日本設計,鹿島建設株式会社,S造,,地上 7 階,医療法人
313,医療法人 湘山会　眼科三宅病院,愛知県,48,113.49,増築,2015,鹿島建設,鹿島建設株式会社,S造一部RC造,,地上7階、地下1階,医療法人
575,市立恵那病院,岐阜県,199,113.05,増築,2018,久米設計,岐建・板垣建設JV,RC造,有,地上4階,公的
210,公益財団法人結核予防会　新山手病院新本館,東京都,180,113,増築,2014,佐藤総合計画,戸田建設株式会社,RC造,,地上3階、PH1階,その他法人
286,総合病院　国保旭中央病院本館,千葉県,989,112.73,改築,2013,横河建築設計,奥村・阿部特定建設工事共同企業体（株式会社奥村組、阿部建設株式会社）,RC・S造,有,地上12階,公立
656,社会医療法人　愛仁会　千船病院,大阪府,292,112.24,新築,2017,東畑建築事務所,株式会社 フジタ,RC造,有,地上9階,医療法人
126,地方独立行政法人東京都健康長寿医療センター,東京都,550,112.04,増築,2013,佐藤総合計画,戸田建設株式会社,RC、SRC、S造,,地上12階、PH１階、地下2階,公立
844,医療法人社団正信会　水戸病院,福岡県,112,111.93,改築,2021,メイ建築研究所,松尾建設株式会社,RC・S造,,地上 5 階,医療法人
409,公立西知多総合病院,愛知県,468,111.75,増築,2015,山下設計,株式会社 大林組,S造,有,地上9階、地下1階、塔屋2階,公的
452,北九州総合病院,福岡県,360,111.14,増築,2016,日建設計,株式会社 フジタ,RC・S造,有,地上7階（M2階有、建築基準法上8階），地下なし,医療法人
229,社会医療法人愛仁会　愛仁会リハビリテーション病院,大阪府,225,111,新築,2011,東畑建築事務所,株式会社 大林組,SRC造、一部S造,,地上9階，地下1階,医療法人
303,ＪＡ長野厚生連　佐久総合病院　佐久医療センター,長野県,450,110.8,新築,2013,日建設計,清水建設株式会社,RC、SRC、S造,有,地上4階，地下1階,公的
438,広島赤十字・原爆病院東棟,広島県,555,110.79,増築,2015,内藤建築事務所,株式会社 フジタ,SRC造,有,地上11階,公的
413,常滑市民病院,愛知県,267,110.62,増築,2015,日建設計,鹿島建設株式会社,柱ＲＣ、梁Ｓ,有,地上7階,公的
489,千代田区立高齢者総合サポ－トセンタ－・九段坂病院,東京都,231,110.41,増築,2017,久米設計,戸田建設株式会社,RC造,有,地上14階，地下2階，塔屋1階,公的
187,野口病院,大分県,120,110.27,増築,2013,日建設計,鹿島建設株式会社,RC・S造,有,地上8階，地下1階,医療法人
344,雁の巣病院,福岡県,125,110.16,改築,2014,株式会社ＩＮＡ新建築研究所,戸田建設株式会社,S造,,地上3階、地下1階,医療法人
363,つがる総合病院,青森県,438,110.07,増築,2013,横河建築設計,鹿島建設株式会社,RC・S造,有,地上10階,公立
204,医療法人社団俊和会　寺田病院,東京都,45,110,増築,2013,株式会社　田中建築事務所,三井住友建設株式会社　東京建築支店,S造,,地上7階,医療法人
395,愛育病院,東京都,160,109.91,増築,2014,日建設計,鹿島建設株式会社,RC、SRC、S造,有,地上10階，塔屋1階,社会福祉法人
58,医療法人樹心会　角田病院,群馬県,125,109.29,増築,2010,株式会社 大建設計,戸田建設株式会社,RC造,,地上３階,医療法人
587,公益財団法人日本生命済生会　日本生命病院,大阪府,350,109.1,新築,2017,大林組,新日生病院建設共同企業体,S造一部RC造,有,地下１階、地上１４階、塔屋２階,その他法人
352,福岡大学筑紫病院,福岡県,310,108.96,新築,2014,日建設計,大成建設株式会社,RC、SRC、S造,有,地上9階,大学病院
274,仙台市立病院,宮城県,525,108.82,増築,2014,山下設計,大林組・鉄建建設・中城建設　共同企業体,RC造,有,地上11階，地下1階,公立
318,京都市立病院,京都府,548,108.57,増築,2015,鹿島建設,鹿島建設株式会社,RC造,有,地上7階 ，地下1階,公立
40,済生会 長崎病院,長崎県,205,107.78,増築,2009,日本設計,鹿島建設株式会社,RC、SRC、S造,,地上９階，地下０階,公的
310,公立陶生病院 西棟,愛知県,701,107.61,増築,2013,日本設計,株式会社 竹中工務店,RC造,有,地上10階，塔屋1階,公立
295,西葛西・井上眼科病院,東京都,32,107.44,増築,2015,KAJIMA DESIGN,鹿島建設株式会社,RC・S造,,地上4階、地下1階,医療法人
308,名古屋第一赤十字病院,愛知県,852,107.29,増築,2013,横河建築設計,鹿島建設株式会社,RC造,,地上1階,公的
399,一般財団法人魚沼市医療公社　魚沼市立小出病院,新潟県,134,107.07,改築,2016,内藤建築事務所,福田・伊米ヶ崎・貝瀬材木特定共同企業体,RC造,有,地上５階、地下１階,公的
253,いの町立国民健康保険　仁淀病院,高知県,100,107,改築,2011,東畑建築事務所,株式会社　奥村組,S造,有,地上3階,公立
568,石川県立中央病院,石川県,630,106.75,増築,2017,日建設計,本棟:大成・ト－ケン・表・鈴木・丸西・石田特定JV、エネルギ－センタ－棟：みずほ・橘・本田特定JV,S造一部RC造,,地上10階，塔屋2階，地下1階,公立
404,岐阜県総合医療センター新棟建築工事,岐阜県,620,106.65,増築,2015,内藤建築事務所,岐建・市川・宇佐美特定建設工事共同企業体,RC・S造,,地上７階,公的
35,広島県厚生農業協同組合連合会 尾道総合病院,広島県,393,106.47,新築,2011,大旗連合,建築：鹿島建設㈱中国支店、電気：㈱中電工、空調：三機工業㈱・山陽空調工業㈱、衛生：新菱冷熱工業㈱・三建設備工業㈱,RC造,有,本館：地上8階、附属館：地下1階、地上5階,公的
580,一般社団法人 日本海員掖済会 名古屋掖済会病院,愛知県,602,106.42,増築,2018,山下設計,株式会社 大林組,S造一部SRC造,有,地上7階、地下1階,その他法人
282,独立行政法人国立病院機構栃木医療センター,栃木県,350,106.04,改築,2014,株式会社　田中建築事務所,大成建設株式会社,RC造,有,地上7階，塔屋1階,公的
211,医療法人社団東山会　調布東山病院,東京都,83,106,新築,2012,東畑建築事務所,清水建設株式会社,RC造,有,地上7階,医療法人
597,社会医療法人 同心会 西条中央病院,愛媛県,242,105.99,増築,2015,清水建設,清水建設株式会社,RC・S造,,地上5階,医療法人
625,東北医科薬科大学病院,宮城県,600,105.6,増築,2019,日建設計,清水・阿部建設工事共同企業体,S造一部SRC造,有,地上8階,大学病院
590,和泉市立総合医療センタ－,大阪府,307,105.53,増築,2018,内藤建築事務所,清水建設株式会社,RC、SRC、S造,有,地上8階,公立
720,京都大学医学部附属病院　中病棟,京都府,301,105.19,増築,2019,内藤建築事務所,清水建設株式会社,RC造,有,地上8階、地下1階,大学病院
77,岐阜市民病院,岐阜県,565,105.07,改築,2011,山下設計,熊谷・共栄・松永特定建設工事共同企業体,S造,有,11階,公立
212,神奈川県立がんセンター,神奈川,465,105,増築,2013,日本設計,大林組・NB建設特定建設共同企業体,RC造,有,地上7階，地下1階,公立
262,佐賀県医療センター好生館,佐賀県,450,105,新築,2013,日建設計,竹中・松尾・中野・唐津土建特定建設工事共同企業体,SRC造,有,地上9階、塔屋1階,公立
109,仙塩利府病院,宮城県,108,104.65,増築,2012,山下設計,鹿島建設株式会社,RC造,,地上６階,医療法人
639,国家公務員共済組合連合会 虎の門病院,東京都,819,104.38,新築,2019,佐藤総合計画,戸田建設株式会社,RC、SRC、S造,有,地上19階，地下3階，塔屋2階,公的
550,前橋赤十字病院,群馬県,555,104.25,増築,2018,山下設計,清水・小林・池下特定建設工事共同企業体,RC・S造,有,地上7階,公的
293,立正佼成会附属佼成病院,東京都,340,104.22,増築,2014,竹中工務店,株式会社 竹中工務店,RC・S造,有,地上10階，地下1階,その他法人
129,がん・感染症センター都立駒込病院,東京都,801,103.79,改修,2012,山下設計,戸田建設株式会社,SRC造,,地上１５階、塔屋１階、地下３階,公立
692,医療法人社団東光会　戸田中央総合病院E館,埼玉県,18,103.57,新築,2020,清水建設,清水建設株式会社,RC造,,地上3階,医療法人
573,長野県厚生農業協同組合連合会 北信総合病院,長野県,445,103.51,増築,2017,久米設計,株式会社 大林組,S造一部SRC造,,"地上8階,地下2階",公的
263,人吉医療センター,熊本県,252,103,増築,2013,内藤建築事務所,大成建設株式会社,S造,,地上11階,公立
410,医療法人豊田会　刈谷豊田総合病院２棟,愛知県,124,102.92,増築,2014,竹中工務店,株式会社 竹中工務店,RC・S造,有,地下1階，地上8階，搭屋1階,医療法人
776,熊本市立熊本市民病院,熊本県,388,102.64,新築,2019,大林組,大林組・西松建設・豊工務店特定建設工事共同企業体,S造,有,地上 7 階,公立
416,舞鶴赤十字病院,京都府,198,102.31,増築,2014,内藤建築事務所,株式会社　安藤・間,S造,,地上3階,公的
122,医療法人社団　錦昌会　みどりのは 葉記念病院,千葉県,50,102.21,新築,2011,戸田建設,戸田建設株式会社,RC造,,地上3階,医療法人
695,香取おみがわ医療センター,千葉県,100,101.99,新築,2019,横河建築設計,五洋建設（株）,S造,,地上4階,医療法人
513,公立大学法人奈良県立医科大学附属病院,奈良県,992,101.53,増築,2016,内藤建築事務所,大林組・森下組・松塚建設・森下組ＪＶ,S造一部RC造,,地上7階，地下1階,大学病院
679,医療法人　平和台病院,宮崎県,80,101.44,新築,2018,戸田建設,戸田建設株式会社,RC造,,地上3階,医療法人
283,黒沢病院,群馬県,130,100.76,新築,2014,共同建築設計,大成建設株式会社,S造,有,地上7階，塔屋1階,医療法人
424,関西電力病院,大阪府,400,100.61,改築,2015,日建設計,株式会社 大林組,RC、SRC、S造,有,地上18階、塔屋1階、地下2階,その他法人
495,あがの市民病院,新潟県,250,100.51,改築,2016,山下設計,福田・加賀田・坂詰　特定共同企業体,S造,,地上6階，地下1階,公立
502,静岡赤十字病院,静岡県,465,100.5,改築,2016,山下設計,戸田建設株式会社,S造一部SRC造,,西側／地上10階、東側／地上8階，地下2階,公的
674,独立行政法人国立病院機構嬉野医療センター,佐賀県,399,99.87,新築,2019,佐藤総合計画,松尾建設・堀内組共同企業体,S造,有,地上8階,公的
144,伊東市民病院,静岡県,250,99.78,増築,2012,株式会社 大建設計,（株）銭高組名古屋支店,RC造,有,病院棟：地上5階、アプローチ棟：地上1階、立体駐車場：地上2階,公立
635,埼玉医療生活協同組合　羽生総合病院,埼玉県,311,99.75,新築,2018,横河建築設計,鹿島建設株式会社,S造,,地上6階，塔屋1階,公的
125,袖ケ浦さつき台病院　総合広域リハケアセンター,千葉県,90,99.6,新築,2012,大林組,株式会社 大林組,RC・S造,,地上5階、地下1階,医療法人
624,JA北海道厚生連 帯広厚生病院,北海道,651,99.5,新築,2018,久米設計,大成・伊藤・宮坂・荻原・川田・市川建設工事共同企業体,S造,有,地上10階,公的
12,富山県立 中央病院 新東病棟,富山県,733,99.4,増築,2011,内藤建築事務所,射水建設興業・酒井建設共同企業体,RC造,,地上３階,公立
486,順天堂大学医学部附属順天堂医院　Ｂ棟,東京都,457,99.31,新築,2016,日本設計,清水建設株式会社,RC・S造,有,地上21階、地下3階,大学病院
753,東京かつしか赤十字母子医療センター,東京都,104,99.27,新築,2021,日建設計,戸田建設株式会社,S造一部RC造,,地上 5 階,その他法人
140,町立辰野病院,長野県,100,98.82,増築,2012,日本メディカルケアシステム,ヤマウラ・神稻特定建設工事共同企業体,RC造,,地上３階,公立
488,公益社団法人地域医療振興協会東京北医療センタ－南館,東京都,351,98.73,増築,2017,内藤建築事務所,清水建設株式会社,RC・S造,,地上4階，地下1階,医療法人
690,国立病院機構高崎総合医療センター,群馬県,80,98.65,増築,2020,山田綜合設計,関東建設工業（株）,S造,有,地上5階,公的
76,岐阜県総合医療センター,岐阜県,590,98.38,新築,2011,日本設計,1期：大林・前田・岐建共同企業体/2期：岐建・宇佐美・市川共同企業体,RC、SRC、S造,有,地下1階、地上10階,公立
543,仙台オ－プン病院,宮城県,330,98.22,増築,2018,KAJIMA DESIGN,鹿島建設・阿部建設特定工事共同企業体,S造,有,地上6階、地下1階,その他法人
248,香川県厚生農業協同組合連合会　滝宮総合病院,香川県,191,98,増築,2013,内藤建築事務所,株式会社 フジタ,S造,,地上4階（改修建物：地上5階）,公的
250,三豊総合病院,香川県,482,97,増築,2013,佐藤総合計画,大成・菅特定建設工事共同企業体,RC・S造,有,地上8階，地下1階、PH1階,公的
504,大同病院,愛知県,404,96.94,改築,2016,日建設計,株式会社 大林組,SRC造、一部S造,,地上9階,医療法人
275,大崎市民病院本院,宮城県,500,96.87,増築,2014,山下設計,戸田・金原・古川土地・伸晃・二瓶・北陵・ABC特定建設工事共同企業体,RC・S造,,地下1階、地上9階、塔屋1階,公立
354,国立病院機構　東佐賀病院,佐賀県,335,96.79,改築,2014,山下設計,松井建設株式会社,RC造,,一般病棟 地上4階　重心病棟1 地上2階　重心病棟1 地上1階　療育訓練棟 地上1階,公的
106,砂川市立病院,北海道,506,96.7,増築,2012,株式会社 大建設計,清水・岩田地崎・三鉱特定建設工事共同企業体,SRC造、一部S造,有,地上７階，地下１階,公立
642,東邦大学医療センター大橋病院,東京都,319,96.69,新築,2018,佐藤総合計画,東急建設(株)・(株)きんでん・ダイダン(株)・(株)朝日工業社,RC・S造,有,地上7階,大学病院
173,徳島県立中央病院,徳島県,460,96.68,改築,2012,内藤建築事務所,前田建設工業・鳳建設・森川建設・大徳建設共同企業体,RC造,有,地上10階,公立
460,社会医療法人孝仁会　北海道大野記念病院,北海道,276,96.59,新築,2016,竹中工務店,竹中工務店・田中組共同企業体,RC、SRC、S造,,"地上7階,地下1階,搭屋1階",医療法人
432,南奈良総合医療センター,奈良県,232,96.53,新築,2016,内藤建築事務所,大林組・大日本土木・森下組・三和建設特定建設工事共同企業体,RC造,有,地上5階，地下-階,公立
558,順天堂大学医学部附属浦安病院　３号館,千葉県,196,96.47,増築,2017,日本設計,清水建設株式会社,柱ＲＣ、梁Ｓ,有,地下1階、地上9階,大学病院
677,中津市民病院新病棟・リハビリ棟,大分県,250,96.47,増築,2018,佐藤総合計画,株式会社 フジタ,RC造,,地上2階,公立
670,高松市立みんなの病院,香川県,305,96.38,新築,2018,山下設計,西松・合田特定建設工事共同企業体,RC・SRC造,有,地上6階、塔屋1階,公立
321,社会医療法人 弘道会　寝屋川生野病院,大阪府,103,96.3,新築,2013,東畑建築事務所,株式会社 大林組,RC造,,地上7階,医療法人
477,埼玉県立循環器・呼吸器病センタ－,埼玉県,149,96.3,増築,2017,内藤建築事務所,戸田建設株式会社,S造,,地上4階，地下0階,公立
740,日本赤十字社 長崎原爆病院,長崎県,315,96.3,増築,2020,日建設計,大成建設株式会社,S造一部RC造,,地上15階,公的
451,独立行政法人国立病院機構　九州がんセンタ－,福岡県,411,96.13,増築,2015,日建設計,戸田建設株式会社,RC・S造,有,地上7階,公的
256,福岡赤十字病院,福岡県,511,96,新築,2013,日建設計,増築棟：大成・北洋・末永 特定建設工事共同企業体、改修棟：株式会社北洋建設,S造一部SRC造,有,地上8階,公的
676,くまもと南部広域病院,熊本県,198,95.93,増築,2018,日揮株式会社,日揮株式会社,RC造,,地上4階建,医療法人
633,独立行政法人地域医療機能推進機構さいたま北部医療センター,埼玉県,163,95.82,新築,2019,内藤建築事務所,五洋建築株式会社,S造,,地上7階,公的
645,厚木市立病院,神奈川県,347,95.82,新築,2017,日本設計,大成建設・小島組特別共同企業体,RC・SRC造,有,地上7階，地下1階,公立
304,岐阜県立下呂温泉病院,岐阜県,206,95.17,新築,2014,安井建築設計,"岐建（株）,（株）市川工務店,（株）中島工務店,飛騨建設（株）",RC・S造,有,地上6階,公立
236,北播磨総合医療センター,兵庫県,450,95,新築,2013,日建設計,株式会社 竹中工務店,RC・SRC造,有,地上7階、塔屋2階,公立
254,国家公務員共済組合連合会　浜の町病院,福岡県,468,95,新築,2013,梓設計,西松建設,S造一部SRC造,有,地上10階，地下1階,公的
420,市立ひらかた病院,大阪府,335,95,改築,2016,内藤建築事務所,（株）錢高組 大阪支社,RC造,有,地上7階，地下1階,公立
604,長崎みなとメディカルセンタ－,長崎県,513,94.97,新築,2017,久米設計,大成・西海・松栄特定建設工事共同企業体,RC造,,地上8階，地下2階,公立
688,独立行政法人国立病院機構 仙台医療センター,宮城県,660,94.94,新築,2019,久米設計,（株）熊谷組,SRC造,,地上12階,公的
285,東千葉メディカルセンター,千葉県,314,94.89,新築,2014,久米設計,株式会社 大林組,S造一部SRC造,有,地上7階、地下1階,公立
116,日本赤十字社　足利赤十字病院,栃木県,555,94.2,増築,2011,日建設計,清水・渡辺・大協特定建設工事共同企業体,RC・S造,有,地上９階，地下１階）,公的
361,社会医療法人母恋　天使病院,北海道,260,94.2,改築,2014,久米設計,１期工事：西松建設（株）札幌支店，２期：戸田建設（株）札幌支店,RC・S造,,地上8階，地下1階,医療法人
123,キッコーマン総合病院,千葉県,129,94.1,新築,2013,横河建築設計,株式会社 竹中工務店,RC・S造,有,地上4階,その他法人
441,美波町国民健康保険美波病院工事,徳島県,50,94.09,新築,2016,内藤建築事務所,（株）姫野組,RC造,有,地上3階，地下免震層,公立
333,一般財団法人操風会　岡山旭東病院,岡山県,202,93.96,増築,2014,有限会社ユー・アール設計,株式会社 大林組,RC・S造,,"地上5階,地下1階",公立
311,総合病院　南生協病院,愛知県,313,93.89,増築,2010,日建設計,株式会社 竹中工務店,RC、SRC、S造,,地上7階、地下無し,その他法人
582,名鉄病院1号館,愛知県,146,93.77,新築,2017,伊藤喜三郎建築研究所,建築工事：大成建設株式会社　設備工事：三菱商事株式会社（元請）、大成建設株式会社,RC、SRC、S造,,地上6階、地下1階,医療法人
292,日本大学病院,東京都,320,93.18,新築,2014,伊藤喜三郎建築研究所,鹿島建設・鉄建建設共同企業体,RC造,有,"地上11階，地下2階,塔屋2階",大学病院
845,医療法人社団東洋会 池田病院,長崎県,82,93.15,増築,2021,山田綜合設計,宅島建設株式会社,RC・S造,,地上 5 階,医療法人
555,春日部市立医療センタ－,埼玉県,363,93.12,増築,2016,昭和設計,大成・正和特定建設工事共同企業体,RC・S造,,地上8階,公立
496,富山県立中央病院,富山県,733,93.07,増築,2016,内藤建築事務所,佐藤工業・タカノ建設・石坂建設JV,S造一部RC造,,地上4階,公立
240,宇陀市立病院,奈良県,176,93,増築,2013,昭和設計,奥村組・松塚建設・小松原工務店特定建設工事共同企業体,RC造,,地上7階、地下1階,公立
751,医療法人社団清湘会　清湘会東砂病院,東京都,91,92.89,新築,2020,松田平田設計,松井建設株式会社　東京支店,RC・S造,有,地上 5 階,医療法人
315,大台厚生病院,三重県,110,92.66,新築,2015,株式会社 大建設計,（株）鴻池組,S造,,地上4階,その他法人
472,上都賀総合病院,栃木県,352,92.35,増築,2015,久米設計,西松建設株式会社,RC造,,地上8階，地下1階,公的
305,掛川市・袋井市病院企業団立　中東遠総合医療センター,静岡県,500,92.3,新築,2013,久米設計,大林・戸塚・丸明特定建設工事共同企業体,S造一部SRC造,有,"地上8階，地下-階,塔屋1階",公立
526,市立八幡浜総合病院,愛媛県,256,92.14,増築,2017,山下設計,大成建設株式会社,RC造,有,地上6階,公立
397,北里大学病院,神奈川,1033,92.02,新築,2014,日建設計,株式会社 竹中工務店,RC・S造,有,地下1階、地上14階、塔屋3階,大学病院
533,大分健生病院,大分県,97,91.82,増築,2015,東畑建築事務所,株式会社 フジタ,RC造,,地下3階,その他法人
829,ヨナハ丘の上病院,三重県,185,91.76,新築,2021,日建設計,清水建設　株式会社,RC造,,地上 5 階,医療法人
539,東八幡平病院,岩手県,150,91.73,増築,2018,佐藤総合計画,戸田建設株式会社,RC・S造,,3階建て,その他法人
457,鹿児島市立病院,鹿児島県,574,91.65,増築,2015,久米設計,竹中・植村・南生・三和特定建設工事共同企業体,S造一部SRC造,有,地上8階，塔屋1階,公立
510,独立行政法人地域医療機能推進機構　大阪病院,大阪府,565,91.61,改築,2016,久米設計,株式会社 大林組,S造一部SRC造,有,地上13階，地下1階，塔屋2階,公立
71,医療法人明和会　亀田病院,神奈川,60,91.6,増築,2012,KAJIMA DESIGN,鹿島建設株式会社,RC造,,地上４階,医療法人
493,東名厚木病院　4号館,神奈川県,277,91.6,増築,2016,鹿島建設,鹿島建設株式会社,RC・S造,,地上5階,医療法人
425,堺市立総合医療ｾﾝﾀｰ・堺市消防局救急ﾜｰｸｽﾃｰｼｮﾝ・堺市こども急病診療ｾﾝﾀｰ,大阪府,487,91.52,増築,2015,日建設計,大林組・堺土建・東陽電気商会建設工事共同企業体,RC、SRC、S造,有,地上9階，地下1階，塔屋1階,公的
756,医療法人社団双星会 みなみの星病院,富山県,40,91.51,新築,2021,内藤建築事務所,辻建設株式会社,S造,,地上 3 階,医療法人
99,柳川病院,福岡県,150,91.41,改築,2012,日本設計,戸田建設株式会社,RC造,,地上５階,その他法人
138,公立丹南病院,福井県,179,91.25,増築,2012,内藤建築事務所,熊谷組・三田村・中村特定建設工事共同企業体,RC造,,７階,公立
644,国家公務員共済組合連合会 立川病院,東京都,450,91.16,新築,2018,久米設計,株式会社 大林組,RC・S造,有,地上9階,公的
24,蘇生会総合病院,京都県,250,90.97,改修,2008,竹中工務店,株式会社 竹中工務店,RC・S造,,地上８階，地下１階、塔屋１階,医療法人
777,JCHO　南海医療センター,大分県,195,90.82,新築,2020,山下設計,熊谷組 九州支店,RC造,,地上 9 階,その他法人
350,飯塚市立病院　本館棟,福岡県,250,90.79,改築,2014,内藤建築事務所,フジタ・中村・竹並JV,S造,有,8階,公的
836,社会福祉法人恩賜財団大阪府済生会富田林病院,大阪府,260,90.61,新築,2021,梓設計,大林組,RC・S造,有,地下1階、地上6階,公的
531,阿蘇医療センタ－,熊本県,124,90.56,増築,2014,日建設計,戸田建設株式会社,RC造,有,地上4階、塔屋1階,公立
74,金沢医科大学氷見市民病院,富山県,250,90.09,新築,2011,山下設計,株式会社 フジタ,S造,,地上６階,大学病院
247,医療法人明和会　たまき青空病院,徳島県,100,90,増築,2011,東畑建築事務所,株式会社 大林組,S造一部RC造,,地上5階,医療法人
402,加賀市医療センター,石川県,300,89.81,新築,2015,山下設計,株式会社 大林組,RC造,,地上6階,公立
564,平塚市民病院,神奈川県,416,89.53,増築,2018,ＮＴＴファシリティ－ズ,鹿島・匠特定建設工事共同企業体,RC造,有,地上6階，地下1階,公立
239,市立芦屋病院,兵庫県,199,89,改築,2013,株式会社 大建設計,日本国土開発・大日本土木・鍛冶田工務店特定建設工事共同企業体,RC造,,地上4階、地下1階、塔屋1階,公立
535,社会医療法人敬愛会中頭病院,沖縄県,355,88.9,増築,2016,共同建築設計,（株）大城組,S造一部RC造,有,"地上6階, 地下1階",医療法人
521,長久堂野村病院,広島県,79,88.84,改築,2014,久米設計,株式会社大林組,RC造,,地上4階,医療法人
833,医療法人北辰会　天の川病院,大阪府,157,88.8,新築,2021,東畑建築事務所,高松建設株式会社,RC造,,地下1階、地上5階,医療法人
287,三和病院,千葉県,50,88.75,新築,2014,大成建設株式会社,大成建設株式会社,S造,,地上4階,医療法人
436,岡山ろうさい病院,岡山県,358,88.68,増築,2014,日建設計,鹿島建設株式会社,RC・S造,,地上7階，塔屋1階,公立
736,医療法人住友別子病院,愛媛県,360,88.68,新築,2018,日建設計,鹿島建設株式会社,S造,有,地上7階,医療法人
134,社会保険相模野病院,神奈川,212,88.66,改築,2012,株式会社　田中建築事務所,戸田建設株式会社,S造,,地上7階,公的
462,斗南病院,北海道,243,88.64,増築,2016,株式会社 大建設計,株式会社　熊谷組,S造一部RC造,,地下1階地上11階,その他法人
556,日本赤十字社　さいたま赤十字病院,埼玉県,638,88.63,増築,2016,日建設計,大成・田中特定建設工事共同企業体,S造一部RC造,,地上14階、地下2階,公的
848,くまもと県北病院,熊本県,402,88.43,新築,2020,山下設計,株式会社熊谷組,S造,有,地上 6 階,公的
133,新百合ヶ丘総合病院,神奈川,377,88.2,新築,2012,安藤・間,安藤建設株式会社（現 株式会社 安藤・間）,RC造,,地下２階，地上６階，塔屋１階,医療法人
417,京都第一赤十字病院Ｃ棟・管理棟・駐車場棟,京都府,666,88.09,改築,2015,内藤建築事務所,清水・岡野ＪＶ,S造一部RC造,,地上5階，地下2階,公的
208,医療法人社団春陽会　参宮橋脊椎外科病院,東京都,22,88,新築,2014,安藤・間,株式会社　安藤・間,RC造,,地上4階/地下1階,医療法人
220,市立四日市病院,三重県,568,88,増築,2014,内藤建築事務所,鴻池・大宗特定建設工事共同企業体,RC造,有,地上8階,公立
222,滋賀県立精神医療センター医療観察法病棟(第3病棟）,滋賀県,123,88,増築,2013,内藤建築事務所,Ⅰ期：勝村建設工業、Ⅱ期：内田組,RC・S造,,地上2階　,公立
822,赤羽中央総合病院・東京シニアケアセンター赤羽,東京都,199,87.94,新築,2021,横河建築設計,鉄建建設株式会社,RC・S造,,地上 7 階,医療法人
733,光市立光総合病院,山口県,210,87.67,新築,2019,昭和設計,戸田建設株式会社,RC造,,地上4階,公立
549,公立藤岡総合病院,群馬県,394,87.63,増築,2017,日本設計,大成建設株式会社,SRC造、一部S造,有,地上7階,公的
598,芦屋中央病院,福岡県,137,87.59,新築,2017,メイ建築研究所,淺沼組,RC・S造,,地上5階,公立
501,ＮＴＴ東日本伊豆病院,静岡県,196,87.37,改築,2016,ＮＴＴファシリティ－ズ,大成建設株式会社,S造,有,地上４階,その他法人
90,母と子の上田病院,兵庫県,45,87.35,改築,2012,清水建設,清水建設株式会社,RC造,,地上7階,医療法人
843,国民健康保険 勝浦病院,徳島県,50,87.35,新築,2022,内藤建築事務所,株式会社姫野組,RC造,有,地上 3 階,公的
407,あま市民病院,愛知県,180,87.22,増築,2015,日本設計,TSUCHIYA,RC・S造,有,地下１階、地上４階、塔屋１階,公立
182,医療法人　光晴会病院,長崎県,197,87.15,増築,2012,鹿島建設,鹿島建設株式会社,SRC造,,地上9階、地下1階,医療法人
280,那須赤十字病院,栃木県,460,87.07,増築,2012,横河建築設計,鹿島・那須土木・七浦　特定建設工事共同企業体,RC・S造,有,地上10階,公的
719,市立伊勢総合病院,三重県,300,87.03,新築,2020,安井建築設計,清水建設株式会社,RC・S造,有,地上7階,公立
201,社会医療法人社団木下会 千葉西総合病院,千葉県,608,87,新築,2015,伊藤喜三郎建築研究所,清水建設株式会社,RC・S造,,地上9階、地下1階,医療法人
385,東葛病院,千葉県,366,86.98,増築,2016,山下設計,前田建設工業,RC・S造,,地上8階，地下なし,医療法人
672,北九州市立八幡病院,福岡県,350,86.97,新築,2018,山下設計,鹿島･松尾･山下･川原特定建設工事共同企業体,S造,有,地上7階，地下0階,公立
327,社会医療法人　明石医療センター,兵庫県,382,86.91,増築,2014,東畑建築事務所,株式会社 大林組,RC造,,地上7階、地下1階,その他法人
81,一宮市立市民病院（２期）,愛知県,584,86.86,増築,2013,株式会社 大建設計,"西松・榊原・中野特定建設工事共同企業体(増築1期),中野昭和土建特定建設工事共同企業体(増築2期)",SRC造,,地上１１階、地下１階,公立
13,地方独立行政法人 岐阜県立 多治見病院,岐阜県,627,86.52,増築,2010,共同建築設計,安藤・内藤・飯田特定建設工事共同企業体,S造,有,地上８階、地下１階,公立
20,JA愛知厚生連 知多厚生病院 診療棟,愛知県,259,86.44,増築,2009,日本設計,木内建設,S造,有,地上４階，地下０階,公的
826,日本医科大学武蔵小杉病院,神奈川県,372,86.3,新築,2021,日建設計,株式会社　フジタ,RC造,有,地上 9 階,大学病院
465,仙台循環器病センタ－,宮城県,116,86.15,増築,2016,山下設計,鹿島建設株式会社,S造,,地上６階，地下無(ピット階),その他法人
686,岩手医科大学附属病院,岩手県,1000,86.11,新築,2019,日建設計,清水建設株式会社,RC造,有,地上１１階,大学病院
758,島田市立総合医療センター,静岡県,445,86.04,増築,2021,内藤建築事務所,株式会社竹中工務店,S造一部RC造,有,地上 8 階,公的
251,香川県立中央病院,香川県,531,86,新築,2013,佐藤総合計画,前田建設工業㈱・小竹興業㈱・㈱香西工務店特定建設工事共同企業体,RC、SRC、S造,有,地上11階、PH1階,公立
817,独立行政法人地域医療機能推進機構仙台病院,宮城県,384,85.97,新築,2021,山下設計,鹿島建設株式会社,S造,有,地上 7 階,公立
571,JA長野厚生連　浅間南麓こもろ医療センタ－,長野県,246,85.78,新築,2017,石本建築事務所,北野建設(株),RC・S造,,地上6階地下1階（運用階）,その他法人
319,公益財団法人 浅香山病院,大阪府,223,85.73,新築,2015,東畑建築事務所,鹿島建設株式会社,RC造,,（北ブロック）地上6階，地下1階　　 （透析棟）地上2階,その他法人
375,利根保健生活協同組合　利根中央病院,群馬県,253,85.67,増築,2015,株式会社ＩＮＡ新建築研究所,清水建設株式会社,S造,,地上7階,医療法人
691,さいたま市立病院,埼玉県,637,85.15,新築,2019,山下設計,鹿島建設株式会社,RC、SRC、S造,,"地上10階	、地下1階",公立
541,気仙沼市立病院,宮城県,340,85.13,増築,2017,日建設計,大成・クマケ－・TSUCHIYA特定建設工事共同企業体,RC、SRC、S造,有,地上6階、地下1階（法的階数：地上7階）,公立
191,浦河赤十字病院,北海道,246,85,改築,2014,石本建築事務所,株式会社 フジタ,RC・S造,有,地上7階　地下1階,公的
234,医療法人三友会　なでしこレディースホスピタル,兵庫県,48,85,増築,2013,竹中工務店,株式会社 竹中工務店,RC造,,地上4階,医療法人
569,町立宝達志水病院,石川県,70,84.87,新築,2017,内藤建築事務所,株式会社　安藤・間,RC造,,地上3階,公立
408,稲沢市民病院,愛知県,320,84.82,新築,2014,久米設計,大成建設株式会社,RC・S造,,地上6階,公立
141,公立学校共済組合　東海中央病院,岐阜県,362,84.8,改築,2011,株式会社　教育施設研究所,西松建設株式会社,RC造,有,地上8階　塔屋1階,公的
33,医療法人 天馬会 チクバ外科・胃腸科・肛門科病院,岡山県,60,84.72,改築,2009,久米設計,戸田建設株式会社,RC・S造,,地上4階,医療法人
830,京都済生会病院,京都府,288,84.68,新築,2022,内藤建築事務所,株式会社大林組,S造,,地上 7 階,公的
490,帝京大学医学部附属溝口病院,神奈川県,350,84.54,増築,2017,伊藤喜三郎建築研究所,大成建設株式会社,S造,有,地上12階、地下1階、塔屋1階,大学病院
492,JA神奈川県厚生連　伊勢原協同病院,神奈川県,350,84.54,増築,2014,日建設計,鹿島建設株式会社,RC、SRC、S造,,７階,公的
281,社会医療法人博愛会　菅間記念病院,栃木県,319,84.53,改築,2015,株式会社　田中建築事務所,株式会社 竹中工務店,S造,,地上7階，塔屋1階,医療法人
435,岡山済生会総合病院,岡山県,553,84.35,増築,2015,東畑建築事務所,株式会社 竹中工務店,RC・S造,有,地上10階,公的
189,社会医療法人泉和会　千代田病院,宮崎県,198,84.25,増築,2012,伊藤喜三郎建築研究所,清水建設株式会社,RC造,有,地上６階，塔屋１階,医療法人
175,さぬき市民病院,香川県,179,84.24,増築,2011,共同建築設計,西松・合田建設工事共同企業体,S造一部SRC造,有,地上4階、塔屋1階,公立
336,医療法人社団うすい会　高陽ニュータウン病院,広島県,140,84.24,増築,2014,大旗連合,株式会社　奥村組,RC造,,地上5階、搭屋1階,医療法人
626,福島赤十字病院,福島県,296,84.18,新築,2018,日建設計,鹿島建設・佐藤工業協同企業体[空調設備工事以外]　高砂熱学工業株式会社[空調設備工事],S造,有,地上7階,公的
252,HITO病院,愛媛県,257,84,増築,2013,山下設計,五洋建設(株)　,S造,有,地上11階／PH1階／地下1階,医療法人
163,たつの市民病院,兵庫県,120,83.96,改築,2012,内藤建築事務所,鹿島建設株式会社,S造,,地上５階,公立
50,独立行政法人国立病院機構旭川医療センタ－,北海道,310,83.72,増築,2011,石本建築事務所,西松建設株式会社札幌支店,RC造,,地上6階、塔屋1階,公的
651,国立病院機構　南京都病院（外来管理治療棟）,京都府,350,83.48,増築,2018,内藤建築事務所,株式会社　桑原組,S造,,地上３階,公的
640,東京都済生会中央病院,東京都,535,83.28,増築,2018,横河建築設計,鹿島建設株式会社,S造,有,地上14階，地下1階,公的
68,社会医療法人財団　石心会　川崎幸病院,神奈川,256,83.08,新築,2012,山下設計,鹿島建設株式会社（建設）東光電気工事株式会社（電気） 株式会社大気社（空調・給排水衛生）,RC・S造,,地上11階・塔屋１階,医療法人
500,医療法人社団幸紀会　安江病院,岐阜県,98,83.05,増築,2016,清水建設,清水建設株式会社,S造,,地上4階,医療法人
213,木島病院　アスレティックリハビリ棟,石川県,88,83,増築,2013,竹中工務店,株式会社 竹中工務店,S造,,2階（増築部）,医療法人
330,市立奈良病院,奈良県,350,83,改築,2014,内藤建築事務所,大林･村本･三和･山上特定建設工事共同企業体,RC造,有,地上5階,医療法人
174,三好市国民健康保険 市立三野病院,徳島県,60,82.92,改築,2006,内藤建築事務所,Ⅰ期　大鉄工業㈱、Ⅱ期　㈱姫野組,RC造,,Ⅰ期　地上4階、Ⅱ期　地上3階,公立
519,医療法人　ＪＲ広島病院,広島県,275,82.86,増築,2015,山下設計,清水建設(株)･広成建設(株)ＪＶ,RC・S造,,地上7階,医療法人
156,独立行政法人国立病院機構 宇多野病院,京都府,380,82.73,増築,2013,山田綜合設計,株式会社 錢高組,RC造,,地上２階，地下１階,公的
386,柏たなか病院,千葉県,246,82.71,増築,2015,大成建設株式会社,大成建設株式会社,RC造,,地上6階,医療法人
149,成田記念病院,愛知県,284,82.67,増築,2012,山下設計,株式会社 竹中工務店,S造,,地上9階，塔屋1階,医療法人
98,九州労災病院,福岡県,450,82.56,増築,2011,日建設計,鹿島建設株式会社,RC、SRC、S造,有,地上８階、塔屋２階,公的
682,霧島整形外科病院、霧島整形外科クリニック,鹿児島県,38,82.46,増築,2019,株式会社　東条設計,鎌田建設（株）,S造,,地上5階建,医療法人
152,医療法人宝美会　総合青山病院　健診センター,愛知県,230,82.21,増築,2012,大林組,大林・波多野共同企業体,S造,,地上4階,医療法人
773,独立行政法人地域医療機能推進機構　松浦中央病院,長崎県,100,82.12,新築,2021,内藤建築事務所,株式会社フジタ,RC造,,地上 3 階,公的
82,日本赤十字社　伊勢赤十字病院,三重県,655,81.98,新築,2011,日本設計,株式会社 竹中工務店,RC造,,地上5階,公的
403,岡谷市民病院,長野県,295,81.89,増築,2015,日本設計,大成・岡谷・山岸特定建設工事共同企業体,RC・S造,有,地上６階、地下２階、塔屋１階,公立
312,社会医療法人杏嶺会　一宮西病院,愛知県,436,81.82,増築,2009,日建設計,株式会社 大林組,S造,,地上11階、塔屋1階,その他法人
67,森田病院,神奈川,94,81.72,増築,2011,日揮株式会社,日揮,RC造,,地上3階,医療法人
737,高知赤十字病院,高知県,402,81.71,新築,2019,久米設計,株式会社 大林組,SRC造、一部S造,有,地上8階,公立
634,上尾中央総合病院,埼玉県,733,81.64,新築,2018,大成建設株式会社,大成建設株式会社,RC・S造,有,地上13階,医療法人
5,独立行政法人 国立病院機構 埼玉病院,埼玉県,350,81.58,改築,2010,株式会社 大建設計,清水建設株式会社,RC造,,地上６階地下１階,公的
813,医療法人徳洲会 札幌南徳洲会病院,北海道,88,81.44,新築,2021,内藤建築事務所,日本建設株式会社,RC・S造,,地下1階、地上2階,医療法人
606,医療法人社団嘉祥会　岡村病院,宮崎県,57,81.41,新築,2017,山田綜合設計,上田工業株式会社,RC造,,地上5階,医療法人
179,大手町リハビリテーション病院,福岡県,329,81.39,増築,2012,京都建築事務所,清水建設株式会社,SRC造,,　地上10階,その他法人
184,社会医療法人黎明会宇城総合病院,熊本県,179,81.3,新築,2012,梓設計,株式会社 大林組,RC・S造,,地下１階、地上４階,医療法人
627,さくらがわ地域医療センター,茨城県,128,81.26,新築,2018,伊藤喜三郎建築研究所,三井住友・鈴縫・伊藤喜三郎・飯島洋省特定建設工事共同企業体,RC・S造,,地上3階，塔屋1階,公立
456,都城市郡医師会病院,宮崎県,224,81.24,増築,2016,伊藤喜三郎建築研究所,株式会社 大林組,S造,,地上5階,その他法人
478,埼玉メディカルセンタ－,埼玉県,395,81.01,増築,2014,久米設計,清水建設株式会社,S造,,地上8階，地下1階,公的
591,加古川中央市民病院,兵庫県,600,81.01,新築,2016,大林組,株式会社 大林組,RC・S造,,地上11階建、地下無,医療法人
198,誠潤会　水戸病院,茨城県,43,81,新築,2013,清水建設,清水建設株式会社,RC造,有,地上3階,医療法人
268,天久台病院,沖縄県,333,81,改築,2011,メイ建築研究所,松尾建設,RC造,,地上4階、地下2階,医療法人
718,地方独立行政法人桑名市総合医療センター,三重県,400,80.93,改築,2020,日本設計,戸田建設株式会社,RC造,,地上F：5階　G：10階,公立
170,特定医療法人社団宏仁会寺岡整形外科病院,広島県,122,80.92,増築,2012,竹中工務店,株式会社 竹中工務店,RC・S造,,地上６階,医療法人
53,大崎市民病院岩出山分院,宮城県,40,80.75,増築,2012,ＮＴＴファシリティ－ズ,㈱村田工務所,RC造,,地上２階,公立
440,山陽小野田市民病院,山口県,215,80.75,新築,2015,清水建設,清水建設株式会社,S造,,地上9階,公立
585,医療法人清翠会牧整形外科病院,大阪府,80,80.67,新築,2017,山田綜合設計,株式会社 鴻池組,RC造,,地上5階，塔屋1階,医療法人
39,みどりの杜病院,福岡県,30,80.6,新築,2011,メイ建築研究所,鴻池・大坪JV,木造一部ＲＣ造,,地上1階建、ＲＣ造部分のみ地上2階建,公立
61,東京ベイ・浦安市川医療センター,千葉県,344,80.52,改築,2013,内藤建築事務所,株式会社 フジタ,RC造,有,地上8階　地下1階,その他法人
1,旭川赤十字病院,北海道,600,80.5,増築,2010,山下設計,清水・淺沼特定建設工事共同企業体,RC、SRC、S造,有,地下1階、地上8階,公的
374,親仁会佐藤病院,栃木県,43,80.4,改築,2015,竹中工務店,株式会社 竹中工務店,RC造,,地上3階、地下1階,医療法人
164,兵庫県立淡路医療センター,兵庫県,441,80.12,新築,2013,安井建築設計,戸田・村本・前川ＪＶ,RC造,有,地上8階,公立
119,医療法人　土屋小児病院,埼玉県,40,80.1,新築,2012,伊藤喜三郎建築研究所,㈱ 松永建設,S造,,地上４階,医療法人
34,三原赤十字病院,広島県,226,80.02,増築,2010,安井建築設計,株式会社鴻池組,RC造,,地上8階,公的
277,社会医療法人明和会　中通総合病院,秋田県,450,80,改築,2014,佐藤総合計画,（株）安藤・間,RC造,,地上9階、地下1階,その他法人
607,国分生協病院,鹿児島県,129,79.98,新築,2017,京都建築事務所,株式会社　前田組,RC造,,地上5階,その他法人
188,国東市民病院,大分県,208,79.95,増築,2012,梓設計,清水・菅組JV,RC・S造,,地上６階,公立
54,かづの厚生病院,秋田県,262,79.94,増築,2010,久米設計,鹿島建設株式会社,RC造,有,地上６階,公的
65,社会福祉法人　三井記念病院,東京都,482,79.78,新築,2011,日本設計,鹿島・三井住友建設共同企業体,RC、SRC、S造,,地上19階、地下2階,社会福祉法人
631,芳賀赤十字病院,栃木県,364,79.61,新築,2018,山下設計,大成・中村土建・増山工業特定建設工事共同企業体,S造,有,地上6階　塔屋1階,公的
583,みたき総合病院,三重県,199,79.54,増築,2017,内藤建築事務所,株式会社鴻池組,木造,,地上１階,医療法人
360,小樽市立病院,北海道,388,79.54,増築,2014,久米設計,大林・阿部特定建設工事共同企業体,RC造,有,地上7階，地下1階，塔屋1階,公立
130,東京慈恵会医科大学葛飾医療センター,東京都,356,79.17,改築,2012,竹中工務店,三菱商事（株）・（株）竹中工務店,S造,有,地上９階,大学病院
373,とちぎメディカルセンターしもつが,栃木県,307,79.03,増築,2016,山下設計,清水建設株式会社,S造一部RC造,,地上7階,医療法人
249,独立行政法人国立病院機構　四国こどもとおとなの医療センター,香川県,689,79,改築,2014,山下設計,大成建設株式会社,RC・S造,,地上7階、地下1階、塔屋1階,公的
652,京丹後市立弥栄病院,京都府,200,78.97,増築,2018,株式会社 大建設計,安藤・間・山寅特定建設工事共同企業体,RC・S造,,地上5階、塔屋1階,公立
151,小牧市民病院緩和ケア病棟,愛知県,558,78.86,増築,2012,石本建築事務所,鹿島建設株式会社,RC造,,地上2階,公立
345,国立病院機構　福岡病院,福岡県,350,78.79,増築,2014,－,西松建設　株式会社,RC造,,地上4階,公的
75,長野県立こころの医療センター駒ヶ根,長野県,129,78.65,改築,2012,共同建築設計,Ⅰ期ヤマウラ・Ⅱ期岡谷組,RC・S造,,地上3階,公立
566,立川綜合病院,新潟県,481,78.58,新築,2016,竹中工務店,竹中・福田・中越・渡長建設共同企業体,柱ＲＣ、梁Ｓ,有,地上6階，塔屋1階,医療法人
357,日本赤十字社鹿児島県支部　鹿児島赤十字病院,鹿児島県,120,78.38,改築,2014,株式会社　東条設計,鴻池・坂本特定建設工事共同企業体,RC造,,地上4階，地下-階,公的
559,松戸市立総合医療センタ－,千葉県,600,78.37,増築,2017,佐藤総合計画,清水建設株式会社,RC・S造,有,地上9階,公立
716,町立南伊勢病院,三重県,50,78.32,新築,2019,内藤建築事務所,（株）鴻池組,S造,有,地上3階,公立
342,高知県立あき総合病院,高知県,270,78.21,改築,2015,日建設計,清水建設・大旺新洋・須工ときわ特定建設工事ＪＶ,SRC造、一部S造,有,地上4階,公立
160,淀川キリスト教病院,大阪府,630,78.14,新築,2012,昭和設計,株式会社 大林組,RC・S造,,地上９階，塔屋１階,その他法人
368,大曲厚生医療センター,秋田県,437,78.08,新築,2014,久米設計,鹿島建設・戸田建設JV,S造一部RC造,,地上8階，地下1階,その他法人
186,中津市民病院,大分県,250,78.05,増築,2012,佐藤総合計画,株式会社 フジタ,RC造,有,地上５階,公立
147,医療法人 鳳紀会　可知病院,愛知県,60,77.99,改築,2013,株式会社　公共設計,戸田建設株式会社,RC・S造,,地上４階,医療法人
681,国分脳神経外科病院,鹿児島県,38,77.92,増築,2019,株式会社　東条設計,鎌田建設　株式会社,S造,,地上2階,医療法人
467,市立角館総合病院,秋田県,206,77.84,新築,2017,佐藤総合計画,安藤ハザマ・丸芝組・小松建設 特定建築工事共企業体,RC・S造,,病棟：地上4階、エネルギ－棟：地上2階,公立
683,沖縄県立八重山病院,沖縄県,302,77.75,新築,2018,伊藤喜三郎建築研究所,㈱大米建設・㈱屋部土建・㈱南海建設特定建設工事共同企業体,RC・S造,,地上5階,公立
341,西予市立　西予市民病院,愛媛県,154,77.67,増築,2014,山下設計,飛島・堀田・千葉共同企業体,RC・S造,有,地上3階，地下0階,公立
554,埼玉石心会病院,埼玉県,450,77.66,増築,2017,山下設計,株式会社 フジタ,RC・S造,有,地上7階，地下なし,医療法人
271,広域紋別病院,北海道,150,77.57,増築,2015,石本建築事務所,伊藤・西村・北一特定建設工事共同企業体,RC造,有,地上6階，地下1階,公立
628,茨城県西部メディカルセンター,茨城県,250,77.57,新築,2018,山下設計,前田建設工業,S造,有,地上6階,医療法人
290,東京慈恵会医科大学附属柏病院,千葉県,664,77.46,増築,2015,久米設計,鹿島建設株式会社,SRC造、一部S造,,外来棟　地上2階 ，D棟　地上4階,大学病院
702,医療法人恒仁会　新潟南病院,新潟県,177,77.46,新築,2018,山下設計,（株）本間組,S造,,地上6階,医療法人
648,社会医療法人 中信勤労者医療協会 松本協立病院,長野県,199,77.4,増築,2018,内藤建築事務所,戸田建設株式会社,RC・S造,,地上6階，地下1階,その他法人
172,独立行政法人 国立病院機構 岩国医療センター,山口県,530,77.32,増築,2013,梓設計,戸田建設株式会社,RC造,有,地上11階、塔屋1階,公的
60,東埼玉総合病院,埼玉県,173,77.25,増築,2012,鹿島建設,鹿島建設株式会社,RC造,,地上4階,医療法人
821,社会医療法人財団仁医会 牧田総合病院,東京都,290,77.21,新築,2020,伊藤喜三郎建築研究所,日揮株式会社,RC・S造,,地下1階、地上10階,医療法人
524,小豆島中央病院,香川県,234,77.14,増築,2015,安井建築設計,大林・西崎特定建設工事共同企業体,RC造,,地上6階,公的
232,医療法人　川崎病院,兵庫県,278,77,増築,2014,石本建築事務所,株式会社 竹中工務店,RC造,,地上8階（申請上は地上7階、地下1階）,医療法人
689,公立置賜南陽病院,山形県,50,77,改築,2019,佐藤総合計画,戸田建設株式会社,RC・S造,,地上2階,公立
37,医療法人 倚山会 田岡病院,徳島県,210,76.98,増築,2011,山田綜合設計,戸田建設株式会社,RC造,,地上６階,医療法人
28,社会医療法人 きつこう会 多根総合病院,大阪府,304,76.94,増築,2011,伊藤喜三郎建築研究所,株式会社 大林組,RC造,有,地上１２階,医療法人
662,公立豊岡病院組合立朝来医療センター,兵庫県,180,76.85,新築,2016,内藤建築事務所,株式会社 竹中工務店,RC造,,地上4階,公的
470,北茨城市民病院,茨城県,183,76.67,増築,2014,久米設計,清水建設株式会社,RC造,,地上5階、地下0階,公的
362,一般社団法人 日本海員掖済会 小樽掖済会病院,北海道,138,76.54,増築,2015,山下設計,戸田建設株式会社,RC造,,地上7階、地下1階,その他法人
118,医療法人　福寿会　メディカルトピア草加病院,埼玉県,80,76.44,改築,2012,大成建設株式会社,大成建設株式会社,RC造,,地上４階,医療法人
715,愛知県精神医療センター,愛知県,273,76.33,改築,2018,久米設計,（株）熊谷組,RC・S造,,地上4階、地下1階,公立
180,黒崎整形外科病院,福岡県,65,76.28,新築,2012,清水建設,清水建設株式会社,RC造,,地上6階,医療法人
218,JA愛知厚生連足助病院,愛知県,190,76,改築,2013,日本設計,清水･太啓･中根･小野共同企業体,S造,,地上4階,公的
43,独立行政法人 国立病院機構 熊本医療センター,熊本県,550,75.96,新築,2009,山下設計,株式会社 フジタ,SRC造、一部RC造,,地上７階、地下１階、塔屋１階,公的
684,社会医療法人仁陽会　西岡第一病院,北海道,60,75.96,新築,2019,内藤建築事務所,（株）ナカノフドー建設,S造,,地上3階,医療法人
687,登米市立米谷病院,宮城県,90,75.96,新築,2019,佐藤総合計画,戸田建設株式会社,RC造,,地上3階,公立
401,独立行政法人国立病院機構　北陸病院,富山県,274,75.91,増築,2015,株式会社 大建設計,川田工業（株）,RC・S造,,地上4階,公的
589,社会医療法人同仁会　耳原総合病院,大阪府,386,75.89,改築,2016,昭和設計,戸田建設株式会社,S造,,地上14階，搭屋2階,医療法人
185,国保水俣市立総合医療センター,熊本県,401,75.47,増築,2013,梓設計,清水・坂口JV,RC・S造,,地上7階,公立
334,医療法人社団新風会　玉島中央病院,岡山県,122,75.47,増築,2014,安井建築設計,株式会社　荒木組,RC・S造,,地上6階,その他法人
108,医療法人芙蓉会　村上病院,青森県,120,75.45,増築,2012,内藤建築事務所,株式会社 ピーエス三菱,S造,,地上5階，塔屋1階,医療法人
525,屋島総合病院,香川県,279,75.45,増築,2016,日建設計,五洋建設㈱,RC造,,地上4階、搭屋1階,公的
696,三愛記念病院,千葉県,180,75.34,新築,2019,久米設計,清水建設株式会社,RC造,,地上9階,医療法人
819,埼玉県済生会加須病院,埼玉県,304,75.3,新築,2022,内藤建築事務所,清水建設株式会社,S造,有,地上 7 階,医療法人
100,済生会飯塚嘉穂病院,福岡県,199,75.17,新築,2011,梓設計,鹿島建設株式会社,RC・S造,,地上7階(7階は機械室のみ）,公的
468,山形県立こころの医療センタ－,山形県,213,75.14,新築,2015,日建設計,（南棟）山形建設・山口工務店JV、（北棟・付属棟）平尾工務店・河西建設JV,RC・S造,,"地上3階,地下1階,塔屋1階",公立
744,社会福祉法人恩賜財団済生会　北上済生会病院,岩手県,224,75.11,新築,2020,伊藤喜三郎建築研究所,竹中工務店・平野組・小原建設特定共同企業体,S造,,地上 5 階,公的
205,永井産婦人科病院,東京都,40,75,増築,2012,竹中工務店,株式会社 竹中工務店,RC造,,地上4階,医療法人
221,公立甲賀病院,滋賀県,413,75,増築,2013,内藤建築事務所,大成建設株式会社,RC造,有,地上5階,公立
85,大阪府済生会　野江病院,大阪府,382,74.87,新築,2011,梓設計,戸田建設株式会社,RC・S造,,"地上8階,塔屋1階",公的
2,弘前脳卒中・リハビリテーションセンター,青森県,248,74.82,増築,2011,竹中工務店,竹中工務店・堀江組 ＪＶ,RC造,,地上3階（既存部分は地上4階）,その他法人
739,医療法人輝栄会　福岡輝栄会病院,福岡県,259,74.67,新築,2018,伊藤喜三郎建築研究所,（株）安藤・間,S造,,地上7階,医療法人
419,京都岡本記念病院,京都府,419,74.44,増築,2016,内藤建築事務所,株式会社 大林組,S造一部RC造,,地上7階,医療法人
473,新小山市民病院,栃木県,300,74.41,増築,2015,久米設計,大成建設・久米設計・板橋組・斉藤組・荒川電気工業・ヒタチ設備　特定建設工事共同企業体,S造,,地上4階,公立
547,大原綜合病院,福島県,353,74.38,増築,2017,伊藤喜三郎建築研究所,鹿島・佐藤・菅野特定建設工事共同企業体,S造,有,地上10階、塔屋1階,その他法人
667,特定医療法人財団竹政会　セントラル病院,広島県,60,74.17,新築,2019,大旗連合,清水建設株式会社,RC造,,地上７階、地下１階,医療法人
769,社会医療法人喜悦会　ちくし那珂川病院,福岡県,99,74.17,新築,2020,内藤建築事務所,株式会社フジタ,RC造,,地上 4 階,医療法人
678,都農町国民健康保険病院,宮崎県,65,74.02,新築,2017,内藤建築事務所,増田・河北建設工事共同企業体,RC造,,地上2階,公的
269,沖縄県立宮古病院,沖縄県,277,74,増築,2013,山下設計,㈱國場組・㈱古波蔵組・大成土建㈱特定建設工事共同企業体,RC造,,地上6階、塔屋１階,公立
355,長崎県対馬病院,長崎県,275,73.92,新築,2015,山下設計,鹿島･梅村･早田特定建設工事共同企業体,RC造,有,地上5階,その他法人
516,地方独立行政法人府中市病院機構府中市民病院,広島県,150,73.91,改築,2016,日本設計,株式会社 フジタ,RC造,,地上4階,公的
494,新潟大学地域医療教育センタ－・魚沼基幹病院,新潟県,454,73.9,新築,2015,山下設計,大成･中越興業･丸山工務所 特定共同企業体,RC造,有,地上9階,大学病院
439,安芸太田病院　新本館,広島県,149,73.69,増築,2015,大旗連合,清水建設・河本組安芸太田病院新本館建設工事共同企業体,RC造,,地上3階　PH1階,公立
584,社会医療法人　太秦病院,京都府,45,73.67,新築,2017,横河建築設計,淺沼組・岡田建設共同企業体,S造,,地上3階,医療法人
291,篠宮正明記念 アルテミスウイメンズホスピタル,東京都,60,73.56,増築,2014,伊藤喜三郎建築研究所,株式会社 竹中工務店,RC造,有,地上4階,医療法人
709,医療法人豊田会　高浜豊田病院,愛知県,142,73.54,新築,2019,竹中工務店,株式会社 竹中工務店,RC造,,地上6階,医療法人
316,独立行政法人国立病院機構　東近江総合医療センター,滋賀県,320,73.43,改築,2014,株式会社 大建設計,（株）錢高組,RC造,,地上7階、PH階1階、地下階無,公的
763,鈴鹿中央総合病院,三重県,460,73.39,増築,2019,株式会社 大建設計,株式会社鴻池組,S造,,地上 4 階,公的
731,倉敷市立市民病院,岡山県,198,73.39,増築,2018,昭和設計,藤木・ナイカイ・藤原建設工事共同企業体,RC造,有,地上6階,医療法人
578,独立行政法人国立病院機構 静岡医療ｾﾝﾀ－さくら病棟,静岡県,450,73.31,増築,2017,内藤建築事務所,渡辺建設（株）,S造,,地上3階,公的
241,独立行政法人国立病院機構　奈良医療センター,奈良県,350,73,増築,2014,ＮＴＴファシリティ－ズ,村本建設株式会社,RC・S造,,地上3階,公的
766,徳山病院,山口県,78,72.97,新築,2020,株式会社　志賀設計　,株式会社　田代建設,S造,,地上 5 階,医療法人
57,独立行政法人　国立病院機構　高崎総合医療センター,群馬県,451,72.55,改築,2010,久米設計,大成建設株式会社,RC・S造,,地上7階、地下1階,公的
59,社会福祉法人 恩賜財団済生会支部 埼玉県済生会栗橋病院 地域救急センター棟,埼玉県,329,72.52,増築,2011,共同建築設計,関東建設工業,S造,,地上3階,公的
567,富山西総合病院＋富山西リハビリテ－ション病院,富山県,358,72.52,増築,2017,山下設計,清水建設株式会社,RC造,,"""＜西総合＞地上７階
＜西リハ＞地上５階""",医療法人
697,慶應義塾大学病院1号館,東京都,1029,72.47,新築,2022,竹中工務店,株式会社 竹中工務店,柱ＲＣ、梁Ｓ,,"地上11階	、地下2階",大学病院
364,医療法人友愛会　盛岡友愛病院,岩手県,386,72.22,増築,2015,大成建設株式会社,大成建設株式会社,RC・SRC造,,地上８階，地下１階,医療法人
219,特定医療法人泰玄会　泰玄会病院,愛知県,133,72,増築,2013,清水建設,清水建設株式会社名古屋支店,RC造,,地上6階、塔屋1階,医療法人
278,独立行政法人国立病院機構　あきた病院,秋田県,340,71.94,増築,2014,株式会社 大建設計,鉄建建設（株）,RC・S造,,地上5階,公的
840,医療法人社団井口会総合病院　落合病院,岡山県,135,71.76,新築,2021,株式会社 大建設計,藤木工務店・梶岡建設建設工事共同企業体,S造,,地上 3 階,医療法人
91,子鹿医療療育センター,広島県,84,71.64,増築,2012,大旗連合,株式会社 フジタ,RC造,,地上3階,その他法人
565,南魚沼市民病院,新潟県,180,71.62,新築,2015,長建設計事務所,本間組・高橋建設特定共同企業体,S造,,地上2階、一部3階,公立
94,医療法人財団博仁会　キナシ大林病院,香川県,254,71.41,増築,2011,清水建設,清水建設株式会社,RC・S造,,地上3階,医療法人
816,社会医療法人元生会　森山病院,北海道,232,71.38,新築,2020,久米設計,大成・新谷・荒井・タカハタ・盛永・橋本川島共同企業体,RC造,,地上 8 階,医療法人
779,公益社団法人昭和会　いまきいれ総合病院,鹿児島県,350,71.2,新築,2020,株式会社　東条設計,五洋建設株式会社九州支店,S造,,地下1階、地上9階,その他法人
246,阿南医師会中央病院,徳島県,229,71,増築,2012,東畑建築事務所,株式会社 大林組,S造,,地上4階,その他法人
412,医療法人　済衆館　済衆館病院西館,愛知県,110,70.89,増築,2016,竹中工務店,株式会社 竹中工務店,RC・S造,,地上5階,医療法人
139,上野原市立病院,山梨県,135,70.7,増築,2012,内藤建築事務所,戸田建設株式会社,RC造,,地上2階，地下1階,公立
464,栃内第二病院,岩手県,144,70.58,新築,2016,山下設計,大成建設株式会社,RC造,,地上5階,医療法人
166,海南医療センター,和歌山県,150,70.49,新築,2012,日本設計,鴻池組（建築・機械設備工事）、きんでん（電気設備工事）,RC造,有,地上5階,公的
17,医療法人 宝美会 総合青山病院 西館,愛知県,230,70.32,増築,2010,大林組,大林組・波多野共同企業体,S造,,地上4階,医療法人
215,下呂市立金山病院,岐阜県,99,70,増築,2012,東畑建築事務所,戸田建設株式会社,RC造,有,地上5階,公立
515,岡山赤十字病院　緩和ケア病棟,岡山県,20,69.85,増築,2014,横河建築設計,大林組･アイサワ工業特定建設工事共同企業体,RC造,,地上1階,公的
353,神代病院,福岡県,100,69.61,増築,2015,鹿島建設,鹿島建設株式会社,RC造,,地上5階,医療法人
757,独立行政法人国立病院機構　医王病院,石川県,310,69.47,改築,2020,株式会社 大建設計,熊谷組・植木組共同企業体,S造,,地下1階、地上4階,公的
498,医療法人博俊会春江病院,福井県,137,69.47,新築,2016,内藤建築事務所,石黒建設,S造,,地上5階,医療法人
159,医療法人　大植会　葛城病院,大阪府,243,69.14,新築,2012,昭和設計,五洋建設 株式会社,RC・S造,,地上８階,医療法人
474,医療法人社団 善衆会 善衆会病院,群馬県,198,69.1,新築,2016,山下設計,戸田建設株式会社,RC造,,地上6階,医療法人
32,医療法人 明和病院,兵庫県,349,69,増築,2010,内藤建築事務所,株式会社 明和工務店,RC造,,地上５階、塔屋１階,医療法人
260,医療法人博愛会　頴田病院,福岡県,96,69,増築,2012,戸田建設,戸田建設株式会社,RC造,,地上5階,医療法人
447,医療法人徳洲会　二日市徳洲会病院,福岡県,104,68.96,改築,2015,内藤建築事務所,松尾建設(株),S造,,地上7階,医療法人
73,新潟医療生活協同組合　木戸病院,新潟県,312,68.63,新築,2011,日揮株式会社,日揮,RC造,,地上9階＋塔屋,公的
10,独立行政法人 国立病院機構 横浜医療センター,神奈川,510,68.61,増築,2010,ＮＴＴファシリティ－ズ,株式会社 大林組,RC造,有,地上7階　塔屋1階,公的
38,香川県立 白鳥病院,香川県,150,68.36,改築,2010,石本建築事務所,合田・橘・富田特定建設工事共同企業体,RC造,,地上　3階,公的
56,株式会社日立製作所　ひたちなか総合病院,茨城県,302,68.33,改築,2010,日立建設設計,大成建設株式会社　東京支店,RC造,有,地上６階,その他法人
588,社会医療法人三和会 りんくう永山病院,大阪府,120,68.33,新築,2017,安井建築設計,松村組・日本土木建設特定建設工事共同企業体,RC・S造,,地上5階、塔屋1階,医療法人
381,彩の国東大宮メディカルセンター,埼玉県,337,68.31,増築,2015,大成建設株式会社,大成建設株式会社,RC造,有,地上6階,医療法人
538,健生病院,青森県,282,68.24,新築,2017,京都建築事務所,清水建設株式会社,S造,,地上5階,その他法人
480,医療法人社団聖仁会　白井聖仁会病院,千葉県,192,68.16,増築,2016,株式会社 大建設計,株式会社 フジタ,RC・S造,,地上5階,医療法人
534,大分県済生会日田病院　緩和ケア病棟,大分県,218,68.04,増築,2015,内藤建築事務所,株式会社熊谷組,S造,,地上2階,公的
243,医療法人天翔会　セントラルシティ病院,岡山県,60,68,増築,2013,内藤建築事務所,（株）安藤・間　広島支店,RC造,,地上3階,医療法人
825,独立行政法人　地域医療機能推進機構湯河原病院,神奈川県,150,67.88,新築,2020,久米設計,五洋建設株式会社,S造,,地上 3 階,その他法人
593,医療法人藤井会 香芝生喜病院,奈良県,241,67.81,新築,2017,久米設計,村本建設 株式会社,S造,,地上５階建て,医療法人
426,独立行政法人国立病院機構 兵庫あおの病院,兵庫県,250,67.7,増築,2015,山田綜合設計,株式会社　錢高組,RC造,,地上４階,公的
685,独立行政法人 地域医療機能推進機構 登別病院,北海道,110,67.65,新築,2020,大成建設株式会社,大成建設株式会社,RC造,,地上３階,公的
78,医療法人社団 友愛会 岩砂病院・岩砂マタニティ,岐阜県,132,67.51,増築,2011,株式会社 大建設計,株式会社 大林組,RC造,有,地上5階,医療法人
727,（独）地域医療機能推進機構　大阪みなと中央病院,大阪府,275,67.37,新築,2019,大林組,株式会社 大林組,S造一部SRC造,,地上13階,公的
406,社会福祉法人　杏嶺会　一宮医療療育センター,愛知県,120,67.26,新築,2015,中日設計株式会社,大日本土木株式会社,S造,,地上4階,社会福祉法人
838,大阪複十字病院,大阪府,150,67.05,新築,2021,竹中工務店,株式会社竹中工務店,S造,,地上 6 階,その他法人
562,医療法人社団健育会湘南慶育病院,神奈川県,230,66.93,新築,2017,伊藤喜三郎建築研究所,前田建設工業（株）,RC・S造,,地上5階,医療法人
29,関西医科大学 香里病院,大阪府,200,66.92,新築,2010,日本設計,株式会社 竹中工務店,RC造,有,地上８階，地下１階,大学病院
572,国立病院機構まつもと医療センタ－,長野県,458,66.87,改築,2018,株式会社 大建設計,清水建設株式会社,RC造,,地下1階地上6階,公的
178,久留米大学病院　病院本館,福岡県,910,66.53,増築,2011,久米設計,株式会社 竹中工務店,SRC造、一部S造,,地上15階,大学病院
391,稲波脊椎・関節病院,東京都,60,66.4,新築,2015,内藤建築事務所,北野建設（株）,S造,,地上5階，地下1階,医療法人
459,独立行政法人　国立病院機構　琉球病院　新病棟,沖縄県,406,66.39,改築,2015,東畑建築事務所,(株)浅沼組,RC造,,地上3階,公的
124,新東京病院,千葉県,368,66.3,新築,2012,清水建設,清水建設株式会社,RC造,有,地上7階,医療法人
471,医療法人社団　友志会　石橋総合病院,栃木県,185,66.28,増築,2017,日揮株式会社,日揮株式会社,RC造、一部木造,,地上4階,医療法人
659,社会医療法人愛仁会高槻病院,大阪府,477,66.04,新築,2018,大林組,株式会社 大林組,RC造,有,地上9階,医療法人
328,医療社団法人十善会　野瀬病院,兵庫県,90,65.79,増築,2014,内藤建築事務所,株式会社 大林組,S造,,地上7階,医療法人
483,立川相互病院（立川都市軸A1南地区ﾌﾟﾛｼﾞｪｸﾄ 病院棟）,東京都,291,65.59,増築,2016,戸田建設,戸田建設株式会社,RC・S造,,地上7階,医療法人
497,財団医療法人　中村病院,福井県,206,65.5,増築,2016,竹中工務店,株式会社 竹中工務店,S造,,地上7階,医療法人
594,住友内科病院,徳島県,32,65.5,新築,2017,内藤建築事務所,戸田建設株式会社,S造,,地上４階,医療法人
331,松江赤十字病院,島根県,645,65.17,改築,2013,横河建築設計,株式会社　鴻池組,S造一部RC造,有,"地上14階,　地下1階",公的
423,社会医療法人 慈薫会 河﨑病院,大阪府,129,65.15,増築,2015,清水建設,清水建設株式会社,RC造,,地上7階,医療法人
154,医療法人倖生会身原病院,京都府,29,65.13,改築,2012,内藤建築事務所,株式会社 竹中工務店,RC・S造,,地上4階建,医療法人
192,勤医協中央病院,北海道,450,65,増築,2013,昭和設計,大成建設株式会社,RC造,,地上6階　塔屋1階,その他法人
197,公益財団法人鹿島病院　一般病棟,茨城県,264,65,増築,2013,伊藤喜三郎建築研究所,戸田建設株式会社,RC造,,地上3階，塔屋1階,その他法人
223,洛和会丸太町病院,京都県,137,65,新築,2013,竹中工務店,株式会社 竹中工務店,RC造,,地上5階，地下1階,医療法人
242,医療法人共栄会 名手病院,和歌山県,104,65,増築,2013,日揮株式会社,株式会社鴻池組,RC造,,地上4階,医療法人
309,医療法人尾張温泉かにえ病院,愛知県,104,64.93,増築,2015,中日設計株式会社,株式会社　安藤・間,S造,,地上4階,医療法人
714,新生会第一病院,愛知県,144,64.88,新築,2019,久米設計,（株）鴻池組,S造一部RC造,,地上5階,医療法人
671,特定医療法人東筑会　東筑病院,福岡県,199,64.85,新築,2018,内藤建築事務所,株式会社奥村組,S造,,地上5階,その他法人
503,医療法人大真会　大隈病院,愛知県,157,64.66,増築,2017,清水建設,清水建設株式会社,RC造,,地上9階,医療法人
437,広島中央保健生活協同組合　福島生協病院,広島県,165,64.6,新築,2015,山田綜合設計,株式会社 淺沼組,S造,,地上8階,公的
51,独立行政法人国立病院機構　北海道医療センター,北海道,500,64.14,改築,2010,石本建築事務所,大成建設株式会社,RC造,,地上５階，搭屋１階、（一部地下　ＲＩ処理施設）,公的
209,石川島記念病院,東京都,47,64,増築,2014,戸田建設,戸田建設株式会社,RC造,,地上5階,医療法人
228,大阪府立精神医療センター,大阪府,473,64,改築,2013,安井建築設計,戸田建設株式会社,RC・S造,,地上4階、塔屋1階,公立
258,株式会社麻生　飯塚病院北棟,福岡県,1116,64,増築,2012,山下設計,鹿島建設株式会社,RC造,,地上9階,その他法人
649,公益社団法人 岐阜病院 新東館,岐阜県,487,64,増築,2018,清水建設,清水建設株式会社,RC・S造,,地上6階,その他法人
110,竹田綜合病院　総合医療センター,福島県,897,63.76,新築,2012,伊藤喜三郎建築研究所,株式会社 大林組,RC造,有,地上11階，塔屋1階,その他法人
148,医療法人　笠寺病院,愛知県,128,63.73,改築,2012,日本設計,戸田建設株式会社,RC・S造,,地上６階,医療法人
479,板倉病院増築工事,千葉県,91,63.48,増築,2017,竹中工務店,株式会社 竹中工務店,RC・S造,,地上6階,医療法人
485,医療法人社団　明芳会　イムス東京葛飾総合病院,東京都,242,63.45,新築,2017,現代建築研究所,清水建設株式会社,S造,,地上9階，塔屋1階,医療法人
846,医療法人徳洲会　長崎北徳洲会病院,長崎県,200,63.39,新築,2021,内藤建築事務所,株式会社松尾建設,RC・S造,,地上 6 階,医療法人
30,医療法人 協和会 千里中央病院,大阪府,400,63.12,新築,2008,山下設計,清水建設株式会社,RC造,有,地上11階・地下1階・塔屋1階,医療法人
196,東北病院,福島県,212,63,改築,2013,共同建築設計,菅野建設工業㈱,RC・S造,,地上6階,医療法人
514,筑波記念病院,茨城県,487,62.42,増築,2016,戸田建設,戸田建設株式会社,S造,,地上5階，塔屋1階,医療法人
743,社会医療法人潤心会　熊本セントラル病院,熊本県,246,62.41,新築,2020,安井建築設計,（株）安藤・間,S造一部SRC造,,地上5階,医療法人
596,聖マルチン病院,香川県,196,62.37,増築,2017,大成建設株式会社,大成建設株式会社,RC造,,地上7階,その他法人
700,相模原友愛温泉病院,神奈川県,160,62.29,改修,2019,佐藤総合計画,清水建設株式会社,RC・S造,,"地上4階、	地下1階",医療法人
168,岡山リハビリテーション病院,岡山県,129,62.14,増築,2011,有限会社ユー・アール設計,株式会社 大林組,RC造,,地上６階,その他法人
233,医療法人伯鳳会　明石リハビリテーション病院,兵庫県,97,62,増築,2012,竹中工務店,株式会社 竹中工務店,RC造,,地上3階，塔屋1階,医療法人
238,兵庫医科大学病院　急性医療総合センター,兵庫県,963,62,新築,2012,日本設計,株式会社 大林組,RC造,有,地上7階,大学病院
261,医療法人恒生堂　永田整形外科病院,福岡県,124,62,新築,2013,株式会社　志賀設計　,大成建設株式会社,S造,,地上6階　地下1階,医療法人
369,独立行政法人国立病院機構 米沢病院,山形県,220,61.99,増築,2014,本間利雄設計事務所＋地域環境計画研究室,安藤ハザマ 東北支店,RC・S造,,地上２階,公的
487,医療法人財団　立川中央病院,東京都,115,61.86,改築,2014,横河建築設計,清水建設株式会社,RC・S造,,北棟：地下1階　地上4階　塔屋1階　　南棟：地下1階　地上3階,医療法人
517,東畑建築事務所,広島県,82,61.75,改築,2016,東畑建築事務所,株式会社 大林組,S造,,地上5階,医療法人
337,阿知須共立病院,山口県,135,61.67,増築,2014,鹿島建設,鹿島建設株式会社,RC造,,地上5階,その他法人
774,重工記念長崎病院,長崎県,165,61.61,新築,2020,大成建設株式会社,大成建設株式会社　九州支店,RC造,,地上 6 階,医療法人
371,郡山医療生活協同組合　桑野協立病院,福島県,120,61.6,改築,2015,京都建築事務所,八光建設　株式会社,S造一部RC造,,地上４階,その他法人
454,医療法人　ひらまつ病院,佐賀県,190,61.53,増築,2015,大成建設株式会社,大成建設株式会社,RC造,,地上4階、塔屋1階,医療法人
536,医療法人渓仁会　札幌渓仁会リハビリテ－ション病院　,北海道,138,61.39,新築,2017,松田平田設計,株式会社熊谷組　北海道支店,RC造,,地上５階、塔屋１階,医療法人
599,医療法人　原三信病院,福岡県,217,61.26,増築,2016,HAL建築研究所,株式会社 竹中工務店,RC、SRC、S造,,"地上8階，塔屋1階, 地下1階",医療法人
382,医療法人社団武蔵野会　ＴＭＧ宗岡中央病院,埼玉県,100,61.24,増築,2016,清水建設,清水建設株式会社,RC・S造,,地上4階,医療法人
713,名古屋市立東部医療センター入院・診療棟,愛知県,466,61.06,増築,2019,安井建築設計,大成建設株式会社,S造,有,地上8階,公立
636,獨協医科大学埼玉医療センター4号館,埼玉県,411,61.04,新築,2017,久米設計,清水建設株式会社,S造一部RC造,,地上8階，地下2階,大学病院
529,米の山病院,福岡県,219,60.76,新築,2016,日建設計,戸田建設株式会社,RC造,有,地上4階、塔屋1階,医療法人
398,医療法人恵生会　南浜病院,新潟県,285,60.74,増築,2016,株式会社 長建設計事務所,戸田建設株式会社,S造,,地上3階,医療法人
6,医療法人社団 聖和会 天王台消化器病院,千葉県,45,60.62,増築,2009,清水建設,清水建設株式会社,RC造,,地上３階，塔屋１階,医療法人
511,明石こころのホスピタル,兵庫県,168,60.25,改築,2015,久米設計,清水建設株式会社,RC造,,地上6階，地下1階,医療法人
427,医療法人社団健心会神戸ほくと病院,兵庫県,121,60.01,新築,2015,山田綜合設計,株式会社ソネック,S造,,地上5階,医療法人
632,医療法人三和会　東鷲宮病院,埼玉県,163,59.92,増築,2019,内藤建築事務所,（株）奥村組,S造,,地上6階,医療法人
52,社会医療法人 恵佑会 第２病院,北海道,135,59.71,新築,2012,KAJIMA DESIGN,鹿島建設株式会社,RC造,,地上５階,医療法人
396,ＪＭＡ座間総合病院,神奈川,352,59.71,新築,2016,鹿島建設,鹿島建設株式会社,RC・S造,,地上6階,医療法人
732,山口県済生会豊浦病院,山口県,275,59.66,新築,2019,戸田建設,戸田建設株式会社,RC・S造,,地上6階,公的
601,医療法人恵愛会福間病院,福岡県,500,59.46,新築,2017,竹中工務店,株式会社 竹中工務店,RC造,,地下1階，地上3階，塔屋1階,医療法人
102,菊陽病院,熊本県,315,59.27,増築,2010,メイ建築研究所,株式会社　梅林建設,RC造,,地上5階建,医療法人
527,一般財団法人 永頼会 松山市民病院,愛媛県,432,59.26,増築,2015,Aキュ－ブ建築設計事務所,清水建設株式会社,RC・S造,有,地上8階,その他法人
422,社会医療法人真美会　中野こども病院,大阪府,79,59.25,増築,2014,大成建設株式会社,大成建設株式会社,RC造,,地上3階，地下1階,医療法人
121,医療法人財団明理会　新松戸中央総合病院,千葉県,333,59.24,増築,2013,伊藤喜三郎建築研究所,清水建設株式会社,RC・S造,,地上8階、地下1階,医療法人
356,独立行政法人　労働者健康福祉機構　熊本労災病院,熊本県,510,59.2,増築,2014,山田綜合設計,西松建設株式会社　九州支店,RC・S造,,地上7階,その他法人
143,すずかけセントラル病院,静岡県,309,59.14,新築,2012,株式会社　公共設計,戸田建設株式会社,RC造,有,地上６階,医療法人
729,日本赤十字社　鳥取赤十字病院,鳥取県,350,59.06,改築,2018,横河建築設計,戸田建設株式会社,S造,,"地上9階	、地下1階",医療法人
216,医療法人社団明徳会　十全記念病院,静岡県,299,59,増築,2014,戸田建設,戸田建設株式会社,S造,,地上6階,医療法人
553,医療法人社団康幸会 かわぐち心臓呼吸器病院,埼玉県,88,58.94,新築,2015,安藤・間,(株)安藤・間,RC造,,地上4階,医療法人
721,公益社団法人 京都保健会　京都民医連中央病院,京都府,411,58.9,新築,2019,内藤建築事務所,（株）安藤・間,S造,,地上4階,その他法人
349,聖マリアヘルスケアセンター,福岡県,198,58.82,新築,2014,戸田建設,戸田建設株式会社,S造,,地上8階,医療法人
735,むつみホスピタル,徳島県,120,58.72,増築,2020,日建設計,五洋建設（株）,RC・SRC造,,地上4階,医療法人
23,特定医療法人 北勢会 北勢病院,三重県,174,58.64,増築,2010,清水建設,清水建設株式会社,RC造,,地上3階，塔屋1階,医療法人
343,八幡厚生病院新本館棟,福岡県,410,58.62,増築,2014,富永讓＋フォルムシステム設計研究所,奥村組九州支店,RC造,,地上3階，地下1階,医療法人
660,芦屋セントマリア病院,兵庫県,66,58.39,新築,2018,株式会社　ＩＡＯ竹田設計,株式会社　高階,RC造,,地上4階,その他法人
458,医療法人財団浩誠会　霧島杉安病院,鹿児島県,163,58.26,増築,2015,清水建設,清水建設株式会社,RC造,,地上4階，地下1階,医療法人
323,社会医療法人景岳会　南大阪病院,大阪府,400,58.13,増築,2014,大林組,株式会社 大林組,RC造,,地上12階、塔屋1階,その他法人
675,医療法人有働会 有働病院,熊本県,275,58.1,増築,2016,戸田建設,戸田建設株式会社,S造,,地上5階，地下1階,医療法人
747,流山中央病院附属 泉リハビリテーション病院,千葉県,70,58.03,新築,2019,横河建築設計,三井住友建設 株式会社,RC・S造,,地上 3 階,医療法人
270,医療法人へいあん　平安病院,沖縄県,393,58,増築,2013,清水建設,清水建設株式会社,RC・S造,,地上6階,医療法人
26,新京都南病院,京都府,102,57.89,新築,2011,共同建築設計,㈱間組大阪支店,RC造,,地下１階，地上６階，塔屋１階,医療法人
752,国家公務員共済組合連合会　横浜栄共済病院,神奈川県,430,57.71,増築,2019,久米設計,松井建設,S造,,地上 5 階,公的
586,関西医科大学総合医療センタ－,大阪府,477,57.35,改築,2016,日本設計,株式会社 竹中工務店,S造一部SRC造,,地上7階，地下1階,大学病院
433,医療法人千徳会桜ケ丘病院,和歌山県,99,57.29,増築,2015,伊藤喜三郎建築研究所,前田建設工業㈱,S造,,地上5階,医療法人
706,医療法人　林病院,福井県,206,57.25,新築,2019,大林組,株式会社 大林組,RC造,,地上10階,医療法人
552,ＴＭＧあさか医療センタ－,埼玉県,446,57.2,増築,2017,清水建設,清水建設株式会社,RC・S造,有,地上7階,医療法人
89,医療法人達磨会　東加古川病院,兵庫県,425,57.01,増築,2012,清水建設,清水建設株式会社,S造,,地上5階、地下1階,医療法人
199,イムス太田中央総合病院,群馬県,350,57,増築,2013,山下設計,清水建設株式会社,RC造,,地上6階,医療法人
705,内灘温泉病院,石川県,80,57,新築,2018,佐藤総合計画,清水建設株式会社,RC・S造,,地上4階,医療法人
127,古畑病院,東京都,39,56.35,改築,2013,株式会社ナイス・パートナーズ,株式会社 フジタ,S造,,地上７階,その他法人
325,社会医療法人 生長会 ベルランド総合病院,大阪府,477,56.27,増築,2015,清水建設,清水建設株式会社,RC・S造,,地下2階－地上10階－塔屋1階,医療法人
161,順心病院,兵庫県,174,56.09,新築,2012,昭和設計,鹿島建設株式会社,RC造,有,地上６階,医療法人
145,下田メディカルセンター,静岡県,154,56.05,増築,2012,戸田建設,戸田建設株式会社,RC造,有,地上４階,公的
44,医療法人 仁心会 松下病院,鹿児島県,276,55.72,増築,2009,日本設計,鴻池組　南九州支店,RC・S造,,地上５階,医療法人
842,脳神経筋センター よしみず病院,山口県,391,55.65,新築,2021,株式会社フジタ,株式会社フジタ広島支店,S造,,地上 6 階,医療法人
603,やよいがおか鹿毛病院東館,佐賀県,259,55.56,増築,2017,竹中工務店,株式会社 竹中工務店,RC・S造,,4階,医療法人
742,社会医療法人ましき会　益城病院,熊本県,210,55.43,新築,2019,東畑建築事務所,（株）安藤・間,S造,,地上6階,医療法人
724,医療法人篤友会　千里山病院,大阪府,59,55.29,改築,2019,東畑建築事務所,株式会社 フジタ,RC造,,"地上4階	、地下1階",医療法人
230,樫本病院,大阪府,199,55,増築,2013,大林組,株式会社 大林組,RC・S造,,地上4階,医療法人
132,前田病院地域救急医療センター,東京都,39,54.69,増築,2012,竹中工務店,株式会社 竹中工務店,RC造,,地上3階,医療法人
392,森山記念病院,東京都,275,54.64,増築,2016,山下設計,大成建設株式会社,RC・S造,有,地上7階，地下1階,医療法人
523,社会医療法人　あいざと会　藍里病院,徳島県,310,54.15,増築,2016,東畑建築事務所,清水建設・吉岡組藍里病院増築工事建設工事共同企業体,S造,,地上3階,医療法人
104,奄美中央病院,鹿児島県,99,54.1,新築,2011,京都建築事務所,株式会社　前田組,RC造,,地上5階,その他法人
778,キラメキテラスヘルスケアホスピタル,鹿児島県,179,54.03,新築,2020,株式会社三菱地所設計,松尾建設株式会社,RC・S造,,地上 8 階,医療法人
225,がくさい病院,京都県,90,54,増築,2013,KAJIMA DESIGN,鹿島建設株式会社,RC・S造,,地上5階,その他法人
476,八潮中央総合病院,埼玉県,250,53.32,増築,2016,清水建設,清水建設株式会社,RC・S造,有,地上5階，塔屋1階,医療法人
55,医療法人荘和会　菅原病院,秋田県,252,53.3,増築,2012,佐藤総合計画,戸田建設株式会社,RC・S造,,地上2階,医療法人
579,医療法人秀麗会　山尾病院,愛知県,100,53.19,新築,2018,中日設計株式会社,まるひ建設株式会社,S造,,地上4階,医療法人
771,佐世保国際通り病院,長崎県,94,53.15,新築,2020,清水建設,清水・梅村・とみた特定建設共同企業体,RC・S造,,地上 6 階,医療法人
664,一般財団法人　沢井病院,奈良県,111,53.08,増築,2018,山田綜合設計,真柄建設株式会社,S造,,地上5階,その他法人
203,医療法人社団協友会　船橋総合病院,千葉県,246,53,新築,2013,清水建設,総合元請：三菱商事(株)、施工：清水建設(株),RC造,,地上5階,医療法人
723,友紘会総合病院,大阪府,278,52.57,新築,2019,東畑建築事務所,株式会社 フジタ,RC造,,地上5階、地下1階,医療法人
540,宮古山口病院,岩手県,340,52.53,増築,2016,鹿島建設,鹿島建設株式会社,S造一部RC造,,地上4階、地下1階、塔屋2階,医療法人
359,一条通病院,北海道,151,52.5,増築,2015,昭和設計,新谷・高・盛永 特定建設工事共同企業体,RC造,,地上5階,医療法人
453,医療法人相生会　福岡みらい病院,福岡県,418,52.45,増築,2015,安井建築設計,株式会社 フジタ,柱ＲＣ、梁Ｓ,,地上７階,医療法人
329,登美ケ丘リハビリテーション病院,奈良県,122,52.21,新築,2014,昭和設計,株式会社 熊谷組,S造,,地上5階,医療法人
7,医療法人社団 誠高会 おおたかの森病院,千葉県,199,52.18,新築,2009,竹中工務店,株式会社 竹中工務店,RC造,,地上５階,医療法人
772,公立小浜温泉病院,長崎県,150,51.99,新築,2020,内藤建築事務所,五洋建設株式会社,RC造,,地上 6 階,医療法人
738,社会医療法人北九州病院　北九州宗像中央病院,福岡県,236,51.97,新築,2019,内藤建築事務所,高藤建設（株）,RC造,,"地上6階	、地下1階",医療法人
284,医療法人博仁会共済病院,埼玉県,117,51.94,新築,2013,大成建設株式会社,大成建設株式会社,RC・S造,,地上5階,医療法人
722,堺平成病院,大阪府,296,51.9,新築,2019,西松・日揮JV,西松・日揮JV,S造,,地上8階,医療法人
95,医療法人同仁会　乙金病院,福岡県,252,51.72,増築,2011,戸田建設,戸田建設株式会社,RC造,,地上４階,医療法人
847,社会福祉法人十善会　十善会病院,長崎県,188,51.58,改築,2021,株式会社三菱地所設計,松井建設株式会社,RC・S造,,地下1階、地上6階,その他法人
548,医療法人社団土合会 渡辺病院,茨城県,96,51.48,増築,2017,安藤・間,(株)安藤・間,RC造,,地上4階,医療法人
444,医療法人須藤会　土佐病院,高知県,201,51.38,改築,2014,日建設計,戸田建設株式会社,RC造,,地上5階、地下1階,医療法人
366,未来の風せいわ病院,岩手県,381,51.09,増築,2013,戸田建設,戸田建設株式会社,RC・S造,,地上6階、地下1階、塔屋1階,医療法人
663,医療法人社団　兼誠会　つかぐち病院,兵庫県,152,50.31,新築,2019,大林組,株式会社 大林組,RC造,,地上5階、塔屋1階,医療法人
22,宇野病院 リハビリ病棟,愛知県,175,50.25,増築,2010,山下設計,太啓建設（株）,RC・S造,,地下１階　地上５階,医療法人
120,医療法人 鉄蕉会 亀田総合病院 Ａ棟,千葉県,314,49.93,増築,2012,株式会社フジタ,株式会社 フジタ,RC・S造,,地上10階,医療法人
87,特別医療法人敬愛会　西宮敬愛会病院,兵庫県,219,49.84,新築,2011,日建設計,鹿島建設株式会社,S造,,地上４階，塔屋１階,医療法人
365,医療法人　真彰会　ひめかみ病院,岩手県,123,49.57,新築,2015,竹中工務店,株式会社 竹中工務店,S造,,地上2階,医療法人
155,亀岡病院,京都府,108,49.46,新築,2013,大林組,株式会社 大林組,RC造,,地上5階,医療法人
823,独立行政法人国立病院機構 神奈川病院,神奈川県,210,49.43,増築,2021,山田綜合設計,株式会社ナカノフドー建設,S造,,地上 4 階,公的
650,豊田若竹病院,愛知県,250,49.41,新築,2018,中日設計株式会社,株式会社熊谷組,S造,,地上6階,社会福祉法人
9,医療法人 平和会 平和病院,神奈川,150,49.32,増築,2011,大林組,株式会社 大林組,RC・S造,,地上3階　地下2階,医療法人
346,武田病院,福岡県,118,49.14,増築,2014,メイ建築研究所,松尾建設株式会社,S造,,地上6階,医療法人
272,医療法人　砂川慈恵会病院,北海道,124,49.05,増築,2014,株式会社 大建設計,清水建設株式会社,RC・S造,,地上3階,医療法人
267,公益財団法人慈愛会　徳之島病院,鹿児島県,206,49,増築,2013,日建設計,西松建設（株）,RC、SRC、S造,,地上4階,その他法人
520,医療法人翠清会　翠清会梶川病院,広島県,143,48.84,増築,2016,大旗連合,株式会社 大林組,RC造,,地上6階，地下1階,医療法人
380,医療法人全仁会 東都春日部病院,埼玉県,184,48.72,増築,2015,内藤建築事務所,（株）奥村組,RC造,,5F,医療法人
137,医療法人社団 友愛病院会 黒部温泉病院,富山県,160,48.64,増築,2012,佐藤総合計画,清水建設株式会社,RC造,,地上３階,医療法人
31,西宮協立脳神経外科病院 南館,兵庫県,164,48.51,増築,2009,㈱塚口明洋建築研究室,㈱ナカノフドー建設,RC造,,地上5階,医療法人
703,医療法人社団 真仁会　五泉中央病院,新潟県,199,48.02,増築,2019,鹿島建設,鹿島建設株式会社,RC・S造,,地上4階,医療法人
276,石巻健育会病院,宮城県,155,47.92,増築,2015,株式会社 大建設計,前田建設工業（株）東北支店,S造,,地上5階,医療法人
815,仁楡会札幌病院新築工事,北海道,137,47.92,新築,2021,戸田建設,戸田建設札幌支店,RC造,,地上 5 階,医療法人
637,医療法人社団城東桐和会タムス浦安病院,千葉県,200,47.75,新築,2019,株式会社フジタ,フジタ・トヨダ特定建設工事共同企業体,柱ＲＣ、梁Ｓ,,地上4階，地下なし,医療法人
376,吉川中央総合病院,埼玉県,272,47.54,増築,2015,伊藤喜三郎建築研究所,清水建設株式会社,RC造,,地上4階,医療法人
377,吉川中央総合病院,埼玉県,272,47.54,増築,2015,伊藤喜三郎建築研究所,清水建設株式会社,RC造,,地上4階,医療法人
475,埼玉県済生会鴻巣病院新病棟,埼玉県,379,47.54,増築,2016,山下設計,大成建設株式会社,S造,,地上5階,社会福祉法人
767,徳島健生病院,徳島県,186,47.2,新築,2020,京都建築事務所,株式会社　合田工務店,S造,,地上 5 階,その他法人
658,医療法人晴心会　野上病院,大阪府,163,47.1,増築,2017,清水建設,清水建設株式会社,RC造,,地上5階,医療法人
157,社会福祉法人 大阪暁明館 大阪暁明館病院,大阪府,482,47.01,新築,2013,株式会社フジタ,株式会社 フジタ,RC・S造,有,地上１１階、塔屋１階,社会福祉法人
484,東京曳舟病院,東京都,206,47.01,新築,2017,大林組,大林組・東武谷内田建設共同企業体,RC造,有,地上7階,医療法人
206,　一般財団法人博慈会　博慈会記念総合病院 本館/南館/別館,東京都,306,47,増築,2014,内藤建築事務所,清水建設（株）　　（株）安藤ハザマ,RC造,,地上4階（本館、南館）、地上3階（別館）,その他法人
530,ニュ－天草病院,熊本県,180,46.84,改築,2016,メイ建築研究所,清水建設株式会社,RC・S造,,地上6階,医療法人
4,群馬病院 （第1期）,群馬県,465,46.74,増築,2011,鹿島建設,鹿島建設株式会社,RC・S造,,地上５階,医療法人
142,各務原病院,岐阜県,157,46.67,改築,2012,山下設計,戸田建設株式会社,RC造,,地上4階,医療法人
107,特定医療法人　平成会病院,北海道,82,46.1,新築,2012,竹中工務店,株式会社 竹中工務店,RC造,,地上３階,医療法人
202,聖光ヶ丘病院,千葉県,219,46,新築,2013,戸田建設,戸田建設株式会社,RC造,,地上5階，塔屋1階,医療法人
710,医療法人仁精会　三河病院,愛知県,150,45.71,新築,2019,清水建設,清水建設株式会社,RC・S造,,地上4階,医療法人
694,千葉しすい病院,千葉県,311,45.69,新築,2019,内藤建築事務所,（株）熊谷組,RC造,,地上4階,医療法人
755,湘南大庭病院,神奈川県,72,45.66,新築,2020,株式会社メドックス,白石・ヤマムラ建設共同企業体,RC造、一部木造,,地上 3 階,医療法人
781,沖縄リハビリテーションセンター病院　新館,沖縄県,199,45.46,増築,2020,日揮株式会社,日揮,RC造,,地上 7 階,医療法人
146,医療法人　田中会　西尾病院南館,愛知県,120,45.34,新築,2012,大成建設株式会社,大成建設株式会社,RC造,,地上６階,医療法人
103,加藤病院,大分県,212,45.27,増築,2010,東九州設計工務株式会社,株式会社　梅林建設,RC・S造,,地上５階　地下１階,医療法人
112,寿泉堂松南病院,福島県,215,45.04,増築,2012,清水建設,清水建設株式会社,RC造,,地上3階,医療法人
602,第二病院,福岡県,184,44.67,改築,2016,メイ建築研究所,梅林建設,RC・S造,,地上3階,医療法人
294,高島平中央総合病院,東京都,230,44.64,増築,2014,株式会社 大建設計,大成建設株式会社,RC造,,地上10階，地下1階,医療法人
481,柏厚生総合病院 新館,千葉県,318,44.4,増築,2015,大成建設株式会社,大成建設株式会社,S造,,地上2階,医療法人
469,株式会社日立製作所 日立総合病院 本館棟,茨城県,611,44.29,増築,2016,日立建設設計,鹿島建設株式会社,RC造,有,地上11階、地下1階,その他法人
741,国立病院機構　熊本再春医療センター,熊本県,460,44.1,増築,2020,内藤建築事務所,戸田建設株式会社,S造,,地上8階,公的
827,岐阜・西濃医療センター岐北厚生病院,岐阜県,265,44.05,増築,2021,山下設計,五洋建設株式会社,S造,,地下1階、地上6階,公的
16,医療法人 純和会 矢作川病院,愛知県,175,43.54,増築,2011,佐藤総合計画,株式会社 フジタ,RC造,,地上３階、塔屋１階,医療法人
563,医療法人社団青葉会　牧野リハビリテ－ション病院,神奈川県,120,43.04,新築,2018,清水建設,清水建設株式会社,RC・S造,,地上2階，地下1階,医療法人
207,一般財団法人博慈会　長寿リハビリセンター病院別館,東京都,191,43,増築,2013,内藤建築事務所,清水建設株式会社,S造,,地上4階,医療法人
643,みなみ野病院,東京都,225,42.9,新築,2018,久米設計,株式会社 フジタ,RC造,,地上4階,医療法人
27,医療法人 杏和会 阪南病院,大阪府,690,42.79,増築,2010,安井建築設計,安藤建設株式会社,RC造,,地上3階，地下2階,医療法人
780,医療法人三州会　大勝病院,鹿児島県,321,42.69,増築,2021,安井建築設計,戸田建設株式会社,S造,,地下1階、地上7階,医療法人
820,深川立川病院,東京都,90,42.59,新築,2020,山田綜合設計,株式会社冨士工,RC造,,地上 6 階,医療法人
135,箱根リハビリテーション病院,神奈川,192,42.51,新築,2012,戸田建設,戸田建設株式会社,RC造,,地上3階，地下2階,医療法人
387,北総白井病院,千葉県,158,42.33,増築,2015,清水建設,清水建設株式会社,RC造,,地上5階,医療法人
288,医療法人白百合会　市原鶴岡病院,千葉県,205,42.2,増築,2014,大成建設株式会社,大成建設株式会社,RC造,,地上3階,医療法人
824,医療法人祐徳会　よこはま港南台地域包括ケア病院,神奈川県,120,42.12,新築,2021,松田平田設計,奥村組,RC造,,地上 4 階,医療法人
728,公立神崎総合病院,兵庫県,140,41.99,増築,2020,内藤建築事務所,（株）松村組,S造,,地上4階,公立
449,嶋田病院新東館増築工事・本館中央館改修工事,福岡県,150,41.8,増築,2015,竹中工務店,株式会社 竹中工務店,RC・S造,,地上5階,医療法人
84,医療法人　篤友会　坂本病院,大阪府,229,41.51,新築,2011,竹中工務店,株式会社 竹中工務店,RC造,,地上６階,医療法人
96,医療法人聖ルチア会　聖ルチア病院,福岡県,263,41.21,増築,2011,日建設計,株式会社 竹中工務店,RC造,,地上4階,医療法人
482,公益財団法人　井之頭病院2号館,東京都,640,41.09,増築,2016,伊藤喜三郎建築研究所,三井住友建設㈱東京建築支店,RC造,,地上6階,その他法人
463,一般財団法人愛成会　弘前愛成会病院,青森県,328,41.01,増築,2016,大成建設株式会社,大成建設株式会社,S造,,地上5階,医療法人
448,特定医療法人幸明会船小屋病院,福岡県,278,40.65,改築,2015,大成建設株式会社,大成建設株式会社,RC造,,地上4階,医療法人
655,医療法人 聖和錦秀会 阪和いずみ病院,大阪府,678,40.33,新築,2018,内藤建築事務所,西松・淺沼建設共同企業体,S造,,地上5階建て,医療法人
430,医療法人薫英の会　久野病院,兵庫県,118,39.87,増築,2015,竹中工務店,株式会社 竹中工務店,RC造,,地上4階,医療法人
158,医療法人みどり会　中村病院,大阪府,206,39.77,増築,2012,京都建築事務所,清水建設株式会社,S造一部RC造,,　地下１階、地上４階,その他法人
347,甘木病院,福岡県,160,39.66,改築,2014,メイ建築研究所,松尾建設株式会社,RC造,,地上5階建,医療法人
765,医療法人公道会 公道会病院,大阪府,141,39.6,新築,2020,竹中工務店,株式会社竹中工務店,S造,,地上 5 階,医療法人
839,當麻病院,奈良県,60,39.39,増築,2021,日揮株式会社,日揮株式会社,木造,,地上 2 階,医療法人
324,医療法人成和会　ほうせんか病院,大阪府,220,39.21,増築,2015,大林組,株式会社 大林組,RC造,,地上4階,医療法人
661,公益財団法人　復光会　垂水病院,兵庫県,289,38.34,改築,2018,東畑建築事務所,株式会社 大林組,S造,,地上7階,その他法人
522,医療法人　養生園　　TAOKAこころの医療センタ－,徳島県,332,38.19,改築,2016,山田綜合設計,安藤ハザマ・アズマ建設共同企業体,S造一部SRC造,,地上7階,医療法人
244,医療法人厚生堂　長崎病院,広島県,175,38,増築,2013,大旗連合,フジタ・栗本共同企業体,RC造,,地上7階,医療法人
546,財団法人湯浅報恩会寿泉堂香久山病院,福島県,290,38,増築,2017,清水建設,清水建設株式会社,RC・S造,,地下1階、地上4階,その他法人
299,社会医療法人財団董仙会　恵寿総合病院,石川県,426,37.87,増築,2013,伊藤喜三郎建築研究所,株式会社 竹中工務店,RC・S造,,地上7階,医療法人
832,医療法人道仁会　道仁病院,大阪府,55,37.87,新築,2021,山田綜合設計,株式会社藤木工務店,S造,,地上 4 階,医療法人
532,医療法人中山会　中山記念病院,熊本県,167,37.64,改築,2015,大成建設株式会社,大成建設株式会社,RC造,,地上5階，地下1階,医療法人
699,横浜鶴見リハビリテーション病院,神奈川県,228,37.45,新築,2019,株式会社 大建設計,株式会社増岡組,RC造,,地上5階,医療法人
370,医療法人山容会　山容病院,山形県,220,37.42,増築,2015,戸田建設,戸田建設株式会社,RC・S造,,地上3階,医療法人
748,医療法人社団誠高会おおたかの森病院,千葉県,75,37.24,増築,2020,竹中工務店,株式会社竹中工務店,RC造,,地上 3 階,医療法人
289,稲毛病院,千葉県,180,37.12,新築,2014,清水建設,清水建設株式会社,RC造,,地上4階,その他法人
41,杏和会 城南病院,熊本県,232,37.02,新築,2011,戸田建設,戸田建設株式会社,RC造,,地上3階,医療法人
506,洛和会音羽リハビリテ－ション病院,京都府,186,36.99,新築,2015,竹中工務店,株式会社 竹中工務店,S造,,地上4階,医療法人
11,財団法人 紫雲会 横浜病院,神奈川,252,36.29,増築,2009,竹中工務店,株式会社 竹中工務店,RC・S造,,地上4階,その他法人
394,春山記念病院,東京都,100,35.76,新築,2014,大成建設株式会社,大成建設株式会社,RC・S造,,地下　2階・地上　5階,医療法人
297,大口東総合病院,神奈川,179,35.6,増築,2015,清水建設,清水建設株式会社,RC・S造,,地上4階，地下1階，塔屋1階,医療法人
746,越谷誠和病院,埼玉県,195,35.34,増築,2021,清水建設,清水建設株式会社　関東支店,RC・S造,,地上 3 階,医療法人
814,札幌しらかば台篠路病院,北海道,240,35.26,新築,2021,清水建設,清水・中山組共同企業体,RC造,,地上 6 階,医療法人
165,伊丹今井病院,兵庫県,190,35.17,新築,2013,大林組,株式会社 大林組,RC造,,地上4階,医療法人
255,永野病院,福岡県,111,35,新築,2013,竹中工務店,株式会社 竹中工務店,RC造,,地上4階，地下1階,医療法人
400,末広橋病院,新潟県,195,34.91,増築,2015,清水建設,清水建設株式会社,RC造,,地上6階,医療法人
775,医療法人山田会　八代更生病院,熊本県,85,34.65,増築,2021,竹中工務店,株式会社竹中工務店,RC造,,地上 5 階,医療法人
673,医療法人ロコメディカル江口病院,佐賀県,138,34.41,新築,2018,竹中工務店,株式会社 竹中工務店,RC造,,地上3階,医療法人
326,大阪労働衛生センター第一病院,大阪府,213,34.2,改築,2014,清水建設,清水建設株式会社,RC造,,地上7階,その他法人
570,独立行政法人 国立病院機構石川病院,石川県,215,34.17,増築,2018,株式会社 大建設計,石黒建設株式会社,RC造,,一般病棟:地上4階、重心病棟:地上1階,公的
730,津山中央病院　N館,岡山県,515,33.96,増築,2019,戸田建設,戸田建設株式会社,RC・S造,,地上6階,その他法人
388,医療法人社団 田島厚生会　神谷病院　A棟・B棟,東京都,120,33.62,改築,2015,株式会社 ICAデザイン研究室,株式会社 ナカノフドー建設,RC造,,地上6階,医療法人
669,香川井下病院新棟新築工事,香川県,243,32.18,新築,2018,清水建設,清水建設株式会社,RC・S造,,地上５階,医療法人
745,医療法人社団　東郷会　恵愛堂病院　中央館,群馬県,270,31.79,増築,2020,株式会社ライブ環境建築設計,佐田建設株式会社,S造,,地上 4 階,医療法人
461,医療法人恵仁会　空知病院,北海道,191,31.7,新築,2016,株式会社 大建設計,大林・勝井特定建設工事共同企業体　（㈱大林組・勝井建設工業㈱）,RC造,,地上4階,医療法人
296,医療法人社団いしずえ　湘南敬愛病院,神奈川,109,31.64,増築,2014,日揮株式会社,日揮株式会社,RC造,,地上4階,医療法人
21,香流会紘仁病院,愛知県,871,31.39,新築,2008,日本設計,鹿島　大成　井森　建設工事共同企業体,RC造,,地上５階，地下１階,医療法人
69,医療法人社団　ハートフル川崎病院[Ⅱ期］,神奈川,320,30.8,新築,2011,株式会社 大建設計,大成建設株式会社,RC造,,地上５階,その他法人
